OBJECTID,X,Y,Z,Layer,Text,MUTCD,Longitude,Latitude
0,3116183.240949991,1210223.63428502,5430.430358166278,Sign Face,,W1-1,-105.08583423601456,39.90969802553273
1,3111355.272026244,1214660.415897772,5441.187404350023,Sign Face,,,-105.10297375466243,39.921938403241214
2,3115297.214101846,1213276.047607367,5416.603071919661,Sign Face,,,-105.08894222686577,39.91808875948575
3,3115479.88026477,1211920.531186367,5452.995614670495,Sign Face,EMERALD,D3-1,-105.08831343092224,39.91436530047351
4,3115098.213565711,1212234.023504909,5445.788022179157,Sign Face,,W11-2,-105.08966888435968,39.9152307488629
5,3115582.715486525,1211866.14512619,5448.423154391348,Sign Face,SPEED LIMIT 25,R2-1,-105.08794772886473,39.9142146898698
6,3116064.335572183,1210753.918596645,5450.413571653744,Sign Face,,D3-1,-105.08624927927325,39.911155274122486
7,3116130.101222004,1211869.139607489,5437.441884123067,Sign Face,,,-105.08599627768689,39.91421591108897
8,3115167.386496663,1213205.624231512,5419.834926290096,Sign Face,,,-105.08940624433284,39.91789708605499
9,3115788.384328084,1211218.587042588,5457.763356030862,Sign Face,,,-105.08722527624343,39.91243440206394
10,3115479.173796264,1211920.774685716,5451.984891656816,Sign Face,,,-105.08831594542102,39.91436597792635
11,3116017.839211303,1210731.336835475,5449.266049996198,Sign Face,"RIGHT LANE
ONLY",R3-17,-105.08641540438555,39.911093878620555
12,3116126.945342284,1210408.278479661,5436.083786403716,Sign Face,,D3-1,-105.08603184085176,39.91020562834721
13,3115087.593602274,1212717.212596584,5427.754227606833,Sign Face,,,-105.08969877410101,39.916557323524124
14,3115646.757417276,1211355.088452297,5456.058965013405,Sign Face,"NO PARKING
NO DUMPING",R8-3,-105.08772789322867,39.91281093139327
15,3115119.542078531,1213383.084794867,5411.108244910618,Sign Face,,OM3,-105.08957388809192,39.91838485472818
16,3114610.936417826,1213319.798993679,5454.958276712279,Sign Face,East 36 West 36 Keep Left Keep Right,M1-4,-105.09138819143301,39.91821757204943
17,3111823.570735096,1214528.401604356,5452.535739160558,Sign Face,,,-105.1013062204772,39.92157023249884
18,3115140.602769754,1212908.488544053,5420.781608856102,Sign Face,,,-105.08950663596165,39.91708173640367
19,3112889.008344095,1214465.287213894,5436.386180030088,Sign Face,,W1-8L,-105.09750860139587,39.921383759209434
20,3115620.232007934,1213775.115542751,5404.840057786683,Sign Face,,,-105.08778234842029,39.919454672736386
21,3115082.370781534,1213049.305659328,5416.134805625657,Sign Face,,,-105.08971191585623,39.917469044152575
22,3115690.125131916,1211380.668699693,5456.785756941617,Sign Face,,,-105.08757286864397,39.91288060010554
23,3115076.65135028,1213188.409468329,5416.982813760023,Sign Face,YIELD,R1-2,-105.08973001181762,39.917850981378415
24,3117113.473342773,1211880.048618618,5427.22573727566,Sign Face,RAILROAD CROSSING,R15-1,-105.08249042531075,39.91423320127103
25,3117113.57346586,1211880.826775254,5427.822592902561,Sign Face,RAILROAD CROSSING,R15-1,-105.08249005531577,39.914235336154356
26,3114017.341874979,1213751.106026353,5425.782378489555,Sign Face,,M6-1R,-105.09349740056179,39.91940907575359
27,3110756.068387786,1214934.167637884,5433.591222138783,Sign Face,CROSSWALK STOP ON RED STOP ON FLASHING RED THEN PROCEED IF CLEAR,R10-23,-105.10510578131452,39.92269724564821
28,3111576.648177774,1214452.506702012,5457.45411531506,Sign Face,,W1-8L,-105.1021877958962,39.92136493182308
29,3115696.683594644,1214176.079673,5404.033159566304,Sign Face,,,-105.08750313169524,39.92055441398635
30,3115696.609103067,1214176.211034491,5401.890919727068,Sign Face,,R2-1,-105.08750339509984,39.92055477554804
31,3115053.779632649,1213106.668979641,5420.456255754213,Sign Face,,W11-2,-105.08981290067175,39.91762687973494
32,3112889.053599731,1214406.811325832,5438.905478723825,Sign Face,,,-105.09750938635644,39.92122323195889
33,3115694.323893717,1214204.609947048,5403.91234854577,Sign Face,,,-105.08751107151961,39.92063276474678
34,3111272.231339141,1214578.152366075,5443.88871117272,Sign Face,,,-105.1032711363129,39.92171359547958
35,3115076.122299885,1213089.05772903,5420.706682369292,Sign Face,DO NOT BLOCK INTERSECTION,R10-7,-105.08973353673476,39.91757824998649
36,3115169.704145893,1212146.573073777,5447.356483697077,Sign Face,RIGHT LANE BICYCLE ONLY,R3-17,-105.08941546389957,39.91498977347863
37,3114730.564283833,1213411.365962673,5421.361553067744,Sign Face,SPEED LIMIT 35,R2-1,-105.09096019341047,39.918467425533706
38,3115098.114936807,1212234.428680161,5443.550193449239,Sign Face,,W1-8L,-105.08966922928778,39.91523186239378
39,3115053.658283467,1213106.77631159,5418.296976217012,Sign Face,,M6-1L,-105.08981333152686,39.917627175921105
40,3115280.473521606,1211953.806093288,5450.899245285173,Sign Face,,W1-2,-105.08902375736554,39.914459185246294
41,3112473.052984191,1214495.88082453,5440.804793357433,Sign Face,NO PARKING,R8-3a,-105.09899112378933,39.92147291749689
42,3113129.129139586,1214349.009065903,5429.06062739569,Sign Face,,,-105.09665437876055,39.92106155991022
43,3115141.237950622,1213077.989722438,5419.865294874093,Sign Face,COMMERCE,D3-1,-105.0895015740554,39.9175470390791
44,3110746.260330128,1214915.560763291,5416.679659823954,Sign Face,,,-105.10514104631253,39.92264628636141
45,3115141.073748758,1213077.920036769,5416.064947870155,Sign Face,,,-105.08950216060518,39.91754684986631
46,3112639.961375101,1214434.948316392,5434.978715370874,Sign Face,,,-105.09839702441684,39.921303573334825
47,3115213.091084166,1212662.449272609,5428.397299425185,Sign Face,,,-105.08925227110583,39.91640539354405
48,3114905.987542602,1213224.324020331,5421.218849508346,Sign Face,NO CENTER STRIPE,W1-8L,-105.09033786032109,39.91795173920105
49,3115101.425406575,1213154.333176214,5420.535509435714,Sign Face,"NICKEL
INDUSTRIAL",D3-1,-105.08964225109462,39.917757121232775
50,3115101.77223295,1213154.111303452,5421.478706466735,Sign Face,NICKEL ST,D3-1,-105.08964101827301,39.91775650774673
51,3115169.974077737,1212146.628341721,5445.260283269466,Sign Face,NO PARKING ANY TIME,R7-1,-105.08941450068335,39.91498992176787
52,3113634.728704711,1214043.635250799,5430.308007753273,Sign Face,SPEED LIMIT 35,R2-1,-105.09485673573032,39.920216927269855
53,3115141.216324035,1213078.354971462,5419.859713011961,Sign Face,"COMMERCE ST, INDUSTRIAL LN",D3-1,-105.08950164512876,39.91754804202716
54,3115096.539399901,1212340.724956814,5443.428085521838,Sign Face,RIGHT LANE MUST TURN RIGHT,R3-7R,-105.0896730925599,39.91552368455163
55,3115096.247440978,1212340.967655178,5440.794163101495,Sign Face,MUST TURN RIGHT,Unknown,-105.08967412939457,39.91552435451044
56,3115308.119508544,1213324.839590399,5414.284193052034,Sign Face,,M6-1R,-105.08890254100987,39.91822256332252
57,3116985.249308959,1211874.386057277,5418.177310354293,Sign Face,,,-105.08294763223519,39.914219312962125
58,3115143.83634499,1212800.97717361,5425.130229887545,Sign Face,,W1-8R,-105.08949688232327,39.91678655755429
59,3111439.166162546,1214494.873185777,5454.513848317445,Sign Face,,W1-8L,-105.10267728698284,39.92148292747962
60,3115087.092586344,1212886.926035915,5420.516079299033,Sign Face,,R2-1,-105.08969776069068,39.917023223351684
61,3115100.946818216,1213153.665154974,5421.436338756463,Sign Face,,D3-1,-105.08964396834699,39.917755293476155
62,3115384.175408813,1211906.339739935,5455.166713425299,Sign Face,COMMERCE 120TH AVE,D3-1,-105.08865484918424,39.91432756168666
63,3117413.441312133,1211939.907006272,5408.905005080283,Sign Face,MO 367,M1-5,-105.08142004795559,39.91439364097776
64,3115317.217893757,1211861.433734178,5453.64879813848,Sign Face,,D3-1,-105.08889429182128,39.914205139145025
65,3112762.355441771,1214499.227338609,5435.630892132502,Sign Face,NO PARKING,R7-1,-105.09795961137938,39.921478508126086
66,3115317.084129312,1211861.463771104,5455.116218536278,Sign Face,COMMERCE,D3-1,-105.08889476818804,39.914205223304144
67,3115690.137146687,1211380.615834703,5455.984492209335,Sign Face,,,-105.08757282668931,39.91288045482833
68,3115317.229908528,1211861.678835496,5455.986085574409,Sign Face,COMMERCE ST,D3-1,-105.08889424493832,39.91420581183877
69,3115336.402278319,1211963.308975775,5449.959776274741,Sign Face,Recycling Center,M6-1R,-105.08882421646092,39.91448456059102
70,3115384.844231037,1211906.377386216,5454.284655619045,Sign Face,COMMERCE,D3-1,-105.08865246424139,39.91432765651529
71,3115336.554465413,1211963.500010626,5452.911386905294,Sign Face,RIGHT LANE ONLY,R3-17,-105.08882367076183,39.91448508307837
72,3112473.135085123,1214495.946505275,5440.260868426541,Sign Face,NO PARKING ANYTIME,R7-7,-105.09899083001352,39.921473096782975
73,3116222.409902831,1210376.41971369,5427.875611206274,Sign Face,,,-105.08569206532201,39.910116946424615
74,3115140.928370035,1213042.636660712,5420.839361104549,Sign Face,,OM3,-105.08950326121166,39.917449992600375
75,3115140.525875223,1212908.408445583,5419.982473303855,Sign Face,,R2-1,-105.08950691142007,39.91708151749636
76,3116108.827068359,1211963.207250718,5438.327338292182,Sign Face,,,-105.0860705535369,39.91447441607437
77,3116186.097261433,1211866.300517218,5438.679657357515,Sign Face,120TH AVE,D3-1,-105.08579670202886,39.91420739942387
78,3116203.050903604,1210333.642725266,5430.911052238524,Sign Face,,,-105.08576178733786,39.90999976426052
79,3115076.387425821,1213089.063335923,5417.953356909336,Sign Face,Pedestrian Crossing,W11-2,-105.08973259143552,39.917578262011006
80,3115166.709264098,1213204.907350205,5426.403007092059,Sign Face,RAILROAD CROSSING,R15-1,-105.08940867059606,39.91789512669735
81,3115623.33101774,1211491.73884516,5453.87161894101,Sign Face,,,-105.08780914098527,39.91318635996393
82,3115141.192694986,1213078.125889838,5420.784349725624,Sign Face,COMMERCE ST,D3-1,-105.08950173314997,39.91754741345782
83,3115151.486549865,1213249.31874791,5419.806704094788,Sign Face,,,-105.08946220866744,39.918017237326346
84,3115216.889754109,1211910.401132859,5452.116989208837,Sign Face,,W1-2,-105.0892511477595,39.91434083967493
85,3112685.416856363,1214498.319021958,5436.799582000951,Sign Face,,M6-1L,-105.09823393741426,39.921476971915034
86,3117331.228242471,1211924.596183722,5414.196238048455,Sign Face,NO TRAIN HORN,R15-1,-105.08171339139528,39.91435267504445
87,3115140.754956847,1213042.554960272,5418.721207125564,Sign Face,,W1-8R,-105.08950388079833,39.91744977052196
88,3111005.435149922,1214818.606371201,5428.993266459684,Sign Face,AHEAD,W11-15,-105.10421852963357,39.922376957415686
89,3116203.078137084,1210333.622700649,5432.453579814017,Sign Face,,,-105.0857616905914,39.90999970894013
90,3116064.083262003,1210753.707537176,5447.494285918455,Sign Face,,,-105.08625018221603,39.91115469795852
91,3112202.581676919,1214492.894753566,5448.309636717618,Sign Face,,,-105.09995549099332,39.92146807391289
92,3112271.588911823,1214493.316872504,5446.434173280776,Sign Face,NO PARKING,R7-1,-105.09970945072968,39.92146837781588
93,3115500.604942911,1211691.182033128,5451.906532825411,Sign Face,,,-105.08824334496181,39.913735432172885
94,3110782.730765512,1214941.088946681,5419.497389459988,Sign Face,,M6-1L,-105.10501060951742,39.92271591988352
95,3115126.93917224,1213149.38389175,5420.176978045683,Sign Face,KEEP RIGHT,R4-7,-105.08955137280027,39.917743210411764
96,3115830.8789694,1211151.06162938,5456.575934931815,Sign Face,SPEED LIMIT 35,R2-1,-105.08707490996652,39.9122484896807
97,3116081.574364908,1211921.400655259,5439.214568081677,Sign Face,W 120TH AVE,D3-1,-105.08616840390697,39.914359998750605
98,3115087.062148925,1212902.014184719,5423.598381065111,Sign Face,,R2-1,-105.08969762030934,39.91706464337956
99,3115226.184380574,1212132.913481187,5448.86862235107,Sign Face,SPEED LIMIT 25,R2-1,-105.08921433810295,39.914951557382906
100,3111318.406905649,1214612.058048448,5447.949831887066,Sign Face,SPEED LIMIT 35,R2-1,-105.1031059635569,39.92180610537309
101,3112202.608509907,1214492.868321071,5447.572658829669,Sign Face,NO PARKING,R7-1,-105.09995539575006,39.921468001018695
102,3110827.67601952,1214916.731001939,5423.536048185409,Sign Face,STOP HERE FOR,R1-5b,-105.10485074894723,39.922648503279994
103,3115716.982148925,1211847.277130581,5442.968034014285,Sign Face,,R2-1,-105.08746938816611,39.91416118013141
104,3115667.20815865,1214011.136898545,5402.822809106887,Sign Face,,W1-2,-105.08761095470854,39.92010199336445
105,3117058.838977335,1211857.698742519,5423.930724010051,Sign Face,,D3-1,-105.082685568935,39.914172552911204
106,3110825.056399057,1214874.805059759,5422.918923890968,Sign Face,SPEED LIMIT 35,R2-1,-105.10486075502389,39.92253344114434
107,3115500.681036457,1211691.251718797,5454.274051176091,Sign Face,,,-105.08824307254064,39.91373562250244
108,3111440.436324035,1214493.906397243,5454.461376779656,Sign Face,,W1-8R,-105.10267277388284,39.921480257849446
109,3112835.038395466,1214478.868710476,5436.748666282078,Sign Face,,W1-8R,-105.09770080205723,39.92142171514977
110,3115603.358464233,1213888.389197129,5406.055908758223,Sign Face,,W2-1,-105.08784062925547,39.91976584421063
111,3115603.330429768,1213888.339536078,5403.221004883826,Sign Face,AHEAD,W16-9P,-105.08784073002795,39.919765708240014
112,3111005.353249236,1214818.686469672,5426.763932049653,Sign Face,AHEAD,W16-9P,-105.10421882036574,39.922377178303776
113,3116183.02949003,1210223.491709743,5434.035915703356,Sign Face,,W11-2,-105.08583499218213,39.909697636849494
114,3115125.677621337,1212193.368201951,5448.10495383817,Sign Face,COMMERCE,D3-1,-105.08957164580848,39.915118793921565
115,3116081.614414143,1211921.21682927,5440.083110835532,Sign Face,120TH AVE,D3-1,-105.0861682641916,39.91435949360261
116,3112887.486072672,1214465.681298366,5436.434670892934,Sign Face,,W1-8R,-105.09751402240907,39.9213848600091
117,3111402.878952412,1214569.166118719,5448.271112795254,Sign Face,,,-105.10280547640056,39.92168732108287
118,3116186.083644693,1211866.434281663,5437.843527888835,Sign Face,120TH AVE,D3-1,-105.08579674834436,39.91420776680557
119,3117153.162134683,1211924.208507127,5416.375442080081,Sign Face,,,-105.08234819536736,39.91435391488955
120,3117145.611251912,1211922.655798285,5426.699318240861,Sign Face,RAILROAD CROSSING,R15-1,-105.08237513998628,39.91434975005681
121,3117058.656352823,1211857.725975999,5424.80805256484,Sign Face,120th AVE,D3-1,-105.08268621952436,39.914172630031274
122,3110503.372532988,1215052.871968532,5412.143017020603,Sign Face,AHEAD,W11-2,-105.10600486111076,39.923026195915185
123,3115085.722101521,1212975.990728705,5422.217915222228,Sign Face,,R2-1,-105.08970117740327,39.917267739117115
124,3116731.09446053,1211875.766954901,5422.176035612008,Sign Face,,,-105.08385365774944,39.914226381628
125,3113364.785246357,1214152.726163072,5430.734913825572,Sign Face,,R2-1,-105.09581738223912,39.92051978289694
126,3116142.659060139,1210537.108057908,5439.850717327178,Sign Face,,,-105.08597368132091,39.91055908706447
127,3115165.371619648,1212246.145484361,5443.939891279122,Sign Face,,W1-2,-105.08942926573708,39.91526317248753
128,3115141.191894001,1212977.351601711,5420.630864161233,Sign Face,,,-105.08950339917466,39.917270770205405
129,3115125.681225768,1212193.315336961,5448.978778084895,Sign Face,COMMERCE ST,D3-1,-105.089571633831,39.915118648751985
130,3112699.327557657,1214373.769905951,5430.699013440987,Sign Face,,,-105.09818635337324,39.9211348894539
131,3117331.145741047,1211924.618210801,5411.717841200411,Sign Face,NO TRAIN HORN,W10-9,-105.08171368513862,39.914352736581
132,3115076.445497212,1213089.014475856,5415.720730952799,Sign Face,,M6-1L,-105.08973238520976,39.917578127143905
133,3114516.916833678,1213468.946349839,5420.474706561943,Sign Face,LIMITED SIGHT DISTANCE,W7-8,-105.09172093781164,39.91862819680732
134,3115830.668310424,1211051.122768296,5454.317839382668,Sign Face,NO DUMPING,R5-3,-105.08707731993357,39.91197414243737
135,3114600.560862507,1213427.505804388,5421.407603430332,Sign Face,,W1-8R,-105.09142341263467,39.91851337756592
136,3115500.463969604,1211691.206463161,5450.613860068302,Sign Face,,,-105.08824384711635,39.91373550103467
137,3115667.349932942,1214011.263454128,5405.138699926119,Sign Face,,W11-2,-105.08761044714865,39.920102338971844
138,3116635.750047688,1211876.662856288,5426.390961033087,Sign Face,R R,W10-1,-105.08419354061257,39.91423006886242
139,3111578.161237874,1214452.319271592,5457.397453469614,Sign Face,,W1-8R,-105.10218240434516,39.921364398659016
140,3115190.561387002,1213183.883103786,5433.780104343475,Sign Face,RAILROAD CROSSING,R15-1,-105.0893239815706,39.91783710820321
141,3115659.795846231,1213921.493093817,5403.519252788604,Sign Face,,,-105.08763886774113,39.91985599994729
142,3111543.700272857,1214526.081952663,5452.687087722798,Sign Face,,R2-1,-105.10230408936323,39.921567314694755
143,3112406.284501525,1214451.144227037,5442.214230754356,Sign Face,NO PARKING ANYTIME,R7-1,-105.09922989625855,39.921350936237474
144,3115060.184706807,1212766.15356277,5424.602293362201,Sign Face,,,-105.08979568161242,39.91669202326013
145,3115703.147541177,1214086.508757879,5404.5866963136,Sign Face,,D3-1,-105.08748157154064,39.92030844349869
146,3115165.596696349,1212246.005312038,5446.150238284251,Sign Face,,W1-6,-105.08942846565176,39.915262784828805
147,3112778.072764058,1214361.276146592,5435.347809746643,Sign Face,,,-105.09790580421658,39.921099611985454
148,3115085.531467162,1212976.007549383,5420.328983665685,Sign Face,DO NOT ENTER,R5-1,-105.08970185675777,39.91726778771431
149,3110482.178277567,1215103.573499091,5411.136029067417,Sign Face,,R2-1,-105.1060796242969,39.923165639141345
150,3112762.324603861,1214499.231343532,5434.955133254906,Sign Face,,,-105.09795972126194,39.92147851950414
151,3115182.04411619,1213230.278540594,5417.419697723766,Sign Face,LEFT LANE MUST TURN LEFT,R3-7L,-105.08935358082049,39.917964580168
152,3115366.979068277,1211815.293811489,5452.049420986752,Sign Face,,R2-1,-105.08871765876164,39.91407784341591
153,3115084.385258056,1212850.440381821,5425.696954722783,Sign Face,,M6-1L,-105.08970801442332,39.91692309815579
154,3112251.193438394,1214446.834929348,5446.037541927079,Sign Face,NO PARKING ANY TIME,R7-1,-105.09978291526177,39.92134102934371
155,3115171.297304463,1212228.85462763,5443.937477374057,Sign Face,,M6-1,-105.08940842607754,39.91521563069727
156,3115084.005591308,1212850.365890244,5423.533954987109,Sign Face,Recycling Center,D1-1,-105.08970936919802,39.91692289848567
157,3117041.898150919,1211919.928445379,5417.938322801968,Sign Face,,OM3,-105.08274491815142,39.91434360328741
158,3115228.013028645,1213409.39393834,5423.25684869804,Sign Face,207,M1-4,-105.08918673663798,39.918455699099965
159,3115788.399546793,1211218.59585342,5456.817373935362,Sign Face,,,-105.08722522184475,39.91243442605678
160,3115384.247497436,1211906.423843329,5454.249370835007,Sign Face,120TH AVE,D3-1,-105.0886545908008,39.91432779164741
161,3115208.878705626,1213173.584843491,5426.4691790664,Sign Face,RAILROAD CROSSING,R15-1,-105.08925884788174,39.91780860475699
162,3112206.711153543,1214418.428006944,5441.97585019825,Sign Face,,R2-1,-105.09994196586072,39.92126359831541
163,3116127.824022501,1211859.9823499,5433.795235445083,Sign Face,,,-105.08600454819461,39.914190801980446
164,3115085.450167215,1212936.511794786,5422.477421749811,Sign Face,DO NOT ENTER,R5-1,-105.08970279811564,39.917159365905384
165,3110755.238567636,1214934.556916449,5433.574582933168,Sign Face,CROSSWALK STOP ON RED STOP ON FLASHING RED & THEN PROCEED IF CLEAR,Unknown,-105.10510873376928,39.92269832443186
166,3115280.637723469,1211953.731601711,5453.572376063049,Sign Face,,W11-2,-105.08902317322313,39.91445897866454
167,3115120.884929381,1213208.125706732,5418.959925597092,Sign Face,,W11-1,-105.0895719876668,39.91790454401691
168,3117041.771595336,1211919.6132579,5420.169475071808,Sign Face,,W1-7,-105.08274537460339,39.91434273967684
169,3111343.944700856,1214528.836539048,5448.36941332974,Sign Face,,,-105.10301624080891,39.92157733368827
170,3115200.220861999,1211904.892360581,5449.099681406399,Sign Face,,W1-8R,-105.08931066255734,39.91432592906235
171,3115900.806535725,1211036.28132278,5455.063215876798,Sign Face,,,-105.08682753556333,39.91193250316438
172,3110782.792841827,1214940.976007839,5421.520886446218,Sign Face,,W11-15,-105.10501038998451,39.922715609087206
173,3116082.870358153,1211921.10949732,5439.101383624455,Sign Face,,D3-1,-105.0861637885935,39.914359182866875
174,3116927.146679768,1211920.362579087,5422.066679298461,Sign Face,SPEED LIMIT 25,R2-1,-105.08315399454203,39.91434627662393
175,3116894.566627074,1211875.678446091,5421.329244598925,Sign Face,CARROLLALA AVENUE,D3-1,-105.08327088954645,39.91422403115851
176,3111762.48003248,1214479.180293524,5457.005010859152,Sign Face,CURVE AHEAD,W1-2,-105.10152481785468,39.921435865065085
177,3111477.681311624,1214522.70580215,5449.191107865156,Sign Face,RIGHT TURN ONLY,R3-5R,-105.10253952298471,39.92155885913703
178,3115182.881545694,1213231.788396755,5426.631115645151,Sign Face,RAILROAD CROSSING,R15-1,-105.08935057033595,39.917968714344156
179,3115304.541509887,1213385.480540106,5424.587008947115,Sign Face,,R4-7,-105.08891429487892,39.91838907898544
180,3115182.677294596,1213137.369121242,5419.079234771311,Sign Face,NO TRAIN HORN,W10-11,-105.08935285738818,39.91770951932302
181,3115294.790322143,1213392.183981065,5424.894167806686,Sign Face,ONLY,M6-1R,-105.08894894869691,39.91840760520807
182,3115219.169356566,1213394.181636908,5425.286046442568,Sign Face,SOUTH 121,M1-5,-105.08921851706697,39.91841405111211
183,3115312.764418822,1213379.890467881,5424.330258933286,Sign Face,ONLY,M6-1R,-105.08888507124284,39.91837362859734
184,3115221.762945027,1213382.250969794,5413.756513092101,Sign Face,,R4-7,-105.08920946753646,39.91838126633848
185,3115182.748982726,1213137.320261175,5421.793687442521,Sign Face,R R,W10-1,-105.08935260261732,39.91770938428212
186,3115218.190953755,1213390.135062201,5424.580281927168,Sign Face,,D3-1,-105.0892220720675,39.91840295499135
187,3115239.829154947,1213429.921574245,5420.82326006053,Sign Face,NICKEL ST 1600 W,D3-1,-105.08914427105923,39.9185119008047
188,3112557.811182738,1214453.137877956,5438.785238717775,Sign Face,NO PARKING ANY TIME,R7-8,-105.0986896226312,39.921354527897925
189,3115228.149997029,1213409.451609239,5424.779273434858,Sign Face,287,M1-4,-105.08918624736995,39.91845585567482
190,3115541.252513508,1211526.391846258,5453.157478503565,Sign Face,NO DUMPING,R8-3,-105.0881011683321,39.91328253560881
191,3112406.256467061,1214451.04090001,5441.568990645389,Sign Face,ANYTIME,R7-5,-105.09922999787544,39.92135065293427
192,3115480.137380858,1211920.633311916,5452.088265615881,Sign Face,,D3-1,-105.08831251262451,39.91436557754931
193,3115688.368572468,1214302.544744411,5402.266656643927,Sign Face,DO NOT ENTER,R5-1,-105.0875306797766,39.92090168905773
194,3115688.588042276,1214302.505496161,5404.178569577913,Sign Face,SPEED LIMIT 25,R2-1,-105.08752989795248,39.920901578511916
195,3115195.286796243,1213318.414091131,5421.7955772658,Sign Face,HWY 287,D3-1,-105.08930491346938,39.918206359482795
196,3111951.055660278,1214426.710989732,5449.695806447646,Sign Face,,R2-1,-105.10085332610282,39.921289499262784
197,3115411.722073648,1213536.599119615,5408.48962567844,Sign Face,,D3-1,-105.08852967840629,39.91880256152839
198,3115415.520343098,1213568.147504014,5405.782234813751,Sign Face,,M6-1R,-105.08851561493002,39.91888911903131
199,3116839.726408569,1211870.516900681,5418.810006917695,Sign Face,BLOOMFIELD EAGLES 40408,D3-1,-105.08346647847392,39.91421056913731
200,3111845.935229166,1214484.106349432,5451.241965049486,Sign Face,,,-105.1012271937888,39.92144835807737
201,3112685.319536722,1214498.239724473,5434.8263280316,Sign Face,,,-105.09823428567175,39.92147675543981
202,3111649.975723906,1214418.259800157,5455.226872538905,Sign Face,,,-105.10192690759511,39.921270014620625
203,3111620.898577555,1214420.062816717,5455.340275233169,Sign Face,,,-105.10203054803848,39.92127532250911
204,3111677.378611988,1214431.79724258,5454.913665619076,Sign Face,,,-105.1018289908427,39.921306839567585
205,3115841.671437255,1211864.08219009,5441.54467950819,Sign Face,"NO TRESPASSING
Woody Mountain Ranch",R5-11,-105.08702459873008,39.91420571971867
206,3116905.134819213,1211880.385432684,5422.217555404882,Sign Face,NO TRAIN HORN,W10-9,-105.08323313563164,39.9142368163212
207,3116905.149236938,1211880.238051499,5424.806638326228,Sign Face,RAILROAD CROSSBUCK,R15-1,-105.08323308670259,39.91423641154779
208,3110738.005181558,1214926.594327541,5418.888428326031,Sign Face,,W1-2,-105.10517030398591,39.922676676368994
209,3111621.00090335,1214420.14852208,5454.000496909996,Sign Face,STOP,R1-1,-105.102030181843,39.92127555652491
210,3116175.365668416,1210426.827282863,5435.874016019881,Sign Face,,,-105.08585892626049,39.91025592744557
211,3115615.726468993,1211862.449382778,5443.515056503197,Sign Face,,,-105.08783010767813,39.91420412323955
212,3115181.985243814,1213137.889761297,5421.749786597471,Sign Face,,OM3,-105.0893553160438,39.91771095736999
213,3112418.261225259,1214496.198014471,5440.719931218605,Sign Face,NO PARKING,R7-1,-105.09918646931277,39.92147446828271
214,3114948.976391478,1213177.590567979,5418.699017346284,Sign Face,STAY IN LANE,R4-9,-105.09018536892363,39.91782290229969
215,3112330.385594258,1214494.486310166,5447.302210725924,Sign Face,ANY TIME,R7-302,-105.09949980240475,39.92147085931911
216,3114949.174635192,1213177.651442816,5421.23567644475,Sign Face,ONLY,R3-8,-105.09018466115471,39.91782306689676
217,3115415.39619047,1213568.079420314,5403.755806098362,Sign Face,,,-105.08851605868432,39.918888933711074
218,3115182.35609973,1213230.874473212,5419.484630024016,Sign Face,,,-105.08935245871542,39.917966212142275
219,3114054.747059508,1213722.586165106,5426.561636480074,Sign Face,,D3-1,-105.09336450912626,39.91933031287737
220,3112836.595109232,1214478.477829942,5436.745014918229,Sign Face,,W1-8L,-105.0976952581881,39.921420622725336
221,3115180.981609984,1212705.164985703,5427.282522710542,Sign Face,DO NOT ENTER,R5-1,-105.089366038184,39.91652306399135
222,3114055.115111978,1213722.118390041,5427.334014137169,Sign Face,INDUSTRIAL LANE,D3-1,-105.09336320458749,39.91932902411863
223,3110766.077092111,1214955.822259263,5416.882502941668,Sign Face,,,-105.10506975248296,39.922756569078786
224,3110737.904257486,1214926.54466649,5421.165089668016,Sign Face,,W11-15,-105.10517066460824,39.92267654127418
225,3115690.086684651,1211380.62905095,5455.17306185482,Sign Face,,,-105.08757300636118,39.91288049175358
226,3112557.842821634,1214453.150693711,5438.138690750977,Sign Face,No Parking,R7-8,-105.09868950962155,39.92135456268637
227,3115455.287631509,1211667.553785447,5450.70138485549,Sign Face,NO PARKING ANY TIME,R7-1,-105.08840528865802,39.9136711459904
228,3117144.582787556,1211922.051455328,5419.93799675105,Sign Face,,,-105.08237881656078,39.91434810432545
229,3115748.005087361,1211187.974608811,5457.828369940898,Sign Face,"NO PARKING
VEHICLES WILL BE TOWED AT THE OWNER'S EXPENSE",R8-3,-105.08736973018146,39.9123508813965
230,3115367.017515543,1211815.20209874,5454.130223578592,Sign Face,SPEED LIMIT 35,R2-1,-105.08871752321585,39.9140775911586
231,3115748.037126749,1211187.99142949,5456.914574680309,Sign Face,"NO PARKING
STATE MC. NO. 
/YOUR 
HOG. 77-546
/TREMEC NO.

NO DUMPING
$1000.00 MIN.
30 YARDS",R8-3a,-105.08736961568682,39.912350927162976
232,3114329.055083495,1213637.693000637,5422.479489917338,Sign Face,,,-105.09238793312468,39.91909380879294
233,3115474.130796589,1211635.670589443,5451.825922788958,Sign Face,NO DUMPING,R5-33,-105.08833864195297,39.913583380832065
234,3115455.097798136,1211667.436040696,5452.754839764615,Sign Face,RIGHT LANE ONLY,R3-17,-105.08840596734704,39.913670825179025
235,3115474.166840901,1211635.648562364,5453.06187503475,Sign Face,NO PARKING,R7-1,-105.0883385138226,39.91358331990446
236,3115633.696560749,1214227.941830389,5402.737504236281,Sign Face,AHEAD,W16-9P,-105.08772683835582,39.92069758887438
237,3116084.501963988,1210550.160504095,5440.025386746705,Sign Face,NO DUMPING,R5-33,-105.08618078007338,39.91059566358958
238,3116084.558032917,1210550.089216457,5440.8610124711,Sign Face,,,-105.08618058138711,39.91059546717403
239,3116161.975607177,1210295.847461188,5433.397537154735,Sign Face,LANE ENDS,MUTCD W4-5,-105.08590883873084,39.909896536190125
240,3116084.686991454,1210549.970270229,5441.492987835388,Sign Face,"NO PARKING
LOADED VEH. OR TRUCKS 2 TONS UNLADEN
<->",R8-3,-105.08618012365984,39.91059513899339
241,3115316.275134765,1213378.246847276,5420.71493000863,Sign Face,HWY 287,D3-1,-105.08887258212924,39.918369071885614
242,3115703.030597411,1214086.571234686,5403.740549842894,Sign Face,,D3-1,-105.08748198744001,39.920308616501984
243,3115635.82157316,1214114.846795599,5401.961906996151,Sign Face,,W1-8L,-105.08772113677823,39.92038709595828
244,3115633.549980549,1214227.828090562,5404.863811989208,Sign Face,AHEAD,W11-2,-105.08772736284155,39.92069727850935
245,3115182.243961873,1213231.009038641,5417.389817239821,Sign Face,LEFT LANE MUST TURN LEFT,R3-7L,-105.08935285628132,39.91796658297376
246,3115120.928182555,1213208.107284084,5416.415012601595,Sign Face,SHARE THE ROAD,W11-1,-105.08957183376715,39.91790449289391
247,3115175.892954182,1213296.732236273,5419.290313012978,Sign Face,RAILROAD CROSSING,R15-1,-105.0893744135008,39.91814708551463
248,3115164.997960286,1213279.262759955,5417.753242145757,Sign Face,RIGHT LANE MUST TURN RIGHT,R3-7R,-105.08941354420467,39.91809926720421
249,3115175.863718241,1213296.796315049,5416.512723348518,Sign Face,NO TRAIN HORN,Unknown,-105.08937451667353,39.91814726179388
250,3115208.057696308,1213172.29285517,5418.152364061257,Sign Face,,,-105.08926179622678,39.91780506846014
251,3115541.239697753,1211526.329369452,5454.12733799992,Sign Face,"NO PARKING
THIS SIDE OF STREET
NO DUMPING
ALLOWED
$500.00 FINE",R8-3,-105.08810121505354,39.91328236426228
252,3115164.937085448,1213279.228317613,5414.866909421663,Sign Face,Recycling Center,D9-2,-105.08941376180121,39.918099173427656
253,3110697.240667195,1214949.633851467,5420.547934085112,Sign Face,STOP HERE FOR,R1-1,-105.10531527986663,39.9227404221467
254,3115151.882236307,1213250.238278347,5426.458853872995,Sign Face,RAILROAD CROSSING,R15-1,-105.08946078280977,39.91801975657111
255,3115225.827141397,1213301.910602362,5415.052575172166,Sign Face,,R4-7,-105.08919630494151,39.91816066613684
256,3115630.303589558,1213880.790255275,5404.038947932303,Sign Face,,,-105.08774468943692,39.919744639925405
257,3112418.300073017,1214496.195611517,5440.08171067673,Sign Face,NO PARKING,R7-1,-105.09918633084646,39.92147446120415
258,3116018.009821044,1210731.491425523,5447.081570729395,Sign Face,NO PARKING ANY TIME,R7-1,-105.08641479362828,39.91109430081328
259,3115830.708359659,1211051.108751064,5455.387038972755,Sign Face,NO PARKING ANY TIME NO DUMPING UNDER PENALTY OF PROSECUTION,R8-3,-105.08707717739752,39.91197410344562
260,3115682.33155078,1211294.629726609,5456.575020526429,Sign Face,SPEED LIMIT 35,R2-1,-105.0876020782684,39.912644507341234
261,3115308.06263863,1213324.515191595,5409.26736930726,Sign Face,,OM3,-105.0889027491218,39.91822167351424
262,3110698.092514424,1214950.618261664,5420.159137363017,Sign Face,,,-105.10531222707175,39.92274311411964
263,3115830.742001016,1211050.777143398,5458.047905454616,Sign Face,RIGHT LANE BICYCLE ONLY,R3-17,-105.0870770629765,39.91197319269359
264,3115195.991262287,1213318.869050441,5421.791957190415,Sign Face,HWY 287,D3-1,-105.0893023944254,39.91820759946976
265,3116182.960605346,1210223.544574733,5431.802288515945,Sign Face,,W1-8L,-105.08583523685598,39.90969778285652
266,3115236.057317992,1213221.399625189,5418.869771014432,Sign Face,,R2-1,-105.08916116265176,39.91793951915481
267,3116126.989396443,1210408.275275722,5435.212374497632,Sign Face,NO DUMPING $500 FINE 60 DAYS,R5-2,-105.08603168386354,39.91020561898724
268,3115302.560674722,1213281.941252793,5421.461040999473,Sign Face,,D3-1,-105.08892306812405,39.91810487054504
269,3116126.936531452,1210408.290093939,5436.719521077057,Sign Face,NO PARKING,R7-1,-105.0860318720668,39.9102056603434
270,3115209.863916808,1213311.949343614,5426.392397173624,Sign Face,ONLY ONLY ONLY,R3-8,-105.08925305051457,39.91818842725791
271,3112251.209458089,1214446.866968736,5445.443319224497,Sign Face,ANYTIME,R7-5,-105.09978285763083,39.92134111709904
272,3115207.88067869,1213172.091007025,5426.701592912257,Sign Face,RAILROAD CROSSING,R15-1,-105.08926243065183,39.917804516602175
273,3116042.246817097,1210673.772067511,5445.577942537845,Sign Face,,,-105.08632935382929,39.91093554055322
274,3116042.266841715,1210673.738826646,5447.175207718194,Sign Face,"NO PARKING
BETWEEN 9 AM TO 5 PM MONDAY TO FRIDAY",R7-1,-105.08632928299879,39.91093544904469
275,3115593.837960082,1213850.531456244,5403.363686541299,Sign Face,,R2-1,-105.0878751994135,39.91966203950869
276,3115596.823230061,1213995.520099839,5402.0530502943,Sign Face,BEGIN,R10-15,-105.08786215371299,39.920060020811924
277,3115552.35976835,1213915.1068428,5403.487125792882,Sign Face,,,-105.08802200917175,39.91983983944093
278,3115635.641351603,1214114.789124701,5403.796562452694,Sign Face,,W11-2,-105.08772178027269,39.92038693994174
279,3115596.804006428,1213995.452817124,5403.931991444012,Sign Face,CENTER LANE ONLY,R3-9,-105.08786222336501,39.92005983635427
280,3115228.431142658,1213409.558941189,5426.347955038131,Sign Face,NORTH,M1-5,-105.08918524326536,39.91845614674437
281,3115278.389359415,1213459.500337266,5414.007199401439,Sign Face,RIGHT LANE MUST TURN RIGHT,R3-7R,-105.08900630852354,39.91859260919726
282,3115278.069766519,1213459.763861232,5411.238523820619,Sign Face,Recycling Center,D9-2,-105.08900744357413,39.91859333668348
283,3115646.739795613,1211355.09926559,5454.748836421749,Sign Face,NO DUMPING,R5-33,-105.08772795586847,39.91281096130258
284,3115411.959966104,1213536.542249701,5409.343594265362,Sign Face,NICKEL,D3-1,-105.08852883121592,39.91880240238008
285,3116183.213716511,1210223.659115545,5428.905436609964,Sign Face,,,-105.08583433268065,39.9096980940461
286,3115320.596447224,1213375.095773464,5408.284392122011,Sign Face,Push Button Wait For Walk Signal,R10-3e,-105.08885722802563,39.91836036662966
287,3111650.002556894,1214418.193318426,5453.934719170313,Sign Face,,,-105.10192681299102,39.92126983178575
288,3112271.519626647,1214493.364931586,5445.820756669423,Sign Face,NO PARKING,R7-1,-105.09970969698061,39.921468510605195
289,3116568.818965128,1211864.081789597,5424.927852967958,Sign Face,6,M1-5,-105.08443235662477,39.91419639293425
290,3115362.936498493,1211919.995327602,5450.611984324833,Sign Face,NO PARKING ANY TIME,R7-1,-105.08873033913345,39.91436531913973
291,3115362.349376708,1211919.52635106,5451.97838130949,Sign Face,,,-105.08873243995075,39.91436403919113
292,3115315.833792194,1213377.807907661,5420.689273465425,Sign Face,HWY 287,D3-1,-105.08887416284365,39.91836787253606
293,3117061.081734496,1211900.005152431,5423.076017015358,Sign Face,,M6-1,-105.08267686383302,39.91428866250634
294,3117114.480180541,1211880.089468837,5420.830409474751,Sign Face,,,-105.08248683530111,39.9142333003984
295,3115363.396263712,1211919.815907029,5454.658269613565,Sign Face,,W11-2,-105.08872870305738,39.91436482074461
296,3115363.258494343,1211919.930047349,5452.053169344843,Sign Face,,OM3,-105.08872919231186,39.91436513583415
297,3117200.525961995,1211901.207830959,5419.170431259851,Sign Face,,R4-7,-105.0821797318609,39.9142901614492
298,3116203.351759329,1210333.619152302,5434.579448528588,Sign Face,35,R2-1,-105.0857607152618,39.90999969569036
