OBJECTID,X,Y,Z,Layer,Text,MUTCD,Width,Height,Condition,Orientation,Longitude,Latitude,matched,match_idx,match_distance,Source
2,1199380.354819559,880673.7713837575,161.9556103191776,Sign Face,,R2-1,1.353901936213176,1.626934662709634,,179.58365904448527,-122.29213884919332,47.73439260692479,False,-1,,File 1
3,1199397.378948384,880673.7817965586,161.7532865899804,Sign Face,STOP,R1-1,1.541200944582621,1.724212064395348,,179.80356155133973,-122.29206969688188,47.734393695591365,False,-1,,File 1
4,1220351.881627318,889314.7610921111,-31.50276350229952,Sign Face,STOP,R1-1,1.969525166551272,0.2900506692007184,,91.48711300850768,-122.20770898656193,47.75934729209268,False,-1,,File 1
5,1200995.474787414,884726.7791994109,33.88634176830478,Sign Face,BRIDGE ICES BEFORE ROAD,W8-13,1.358886775324742,0.7082071667412918,,-17.34471217336697,-122.28595093893504,47.745599655362405,False,-1,,File 1
11,1209126.113489399,889375.0852523692,-16.6752949347096,Sign Face,ONE WAY,R6-1R,3.037881141404311,4.021213450729848,,2.0944656352234725,-122.25333624017476,47.758837574062746,False,-1,,File 1
12,1199694.3232005,882069.9598053884,140.0951734187208,Sign Face,STOP,R1-1,8.250134593248369,4.314204111198585,,29.93838599727325,-122.29099228454524,47.73823819639287,False,-1,,File 1
13,1219120.190632649,886181.364211618,9.197893842260314,Sign Face,,R2-1,2.807825663586458,0.460673268015186,,143.73847374404912,-122.21243815659524,47.75068738967588,False,-1,,File 1
48,1220075.01465746,889141.5844953043,-24.79076241075966,Sign Face,,R2-1,2.651245670020581,0.8368228992819787,,106.55114301611306,-122.20881894489322,47.75885628791287,False,-1,,File 1
57,1209683.621268533,889252.6929378525,-32.1458747245617,Sign Face,,M1-5,1.297407679607471,0.7392423417046667,,-170.25849157749926,-122.2510594908908,47.758536120518194,False,-1,,File 1
59,1209714.204466369,889254.0372905491,-31.91663792898231,Sign Face,"BOSTON
PORTSMOUTH
NORTH",D1-1,1.295940935040514,0.2168765564200779,,-139.64766324551078,-122.25093532312503,47.75854166529811,False,-1,,File 1
67,1193992.915704162,863608.3926477956,290.3753472226861,Sign Face,STOP FOR,R1-6a,1.396098537693421,0.4390700496733189,,-49.00949970395101,-122.31242977336944,47.68728963283543,False,-1,,File 1
68,1220062.118403289,889212.7882305033,-32.92542208449267,Sign Face,"DANGER
CONSTRUCTION SITE
AUTHORIZED PERSONNEL
ONLY",G20-2a,2.164996330837409,0.9742550367861988,,172.65003508588308,-122.20887762608078,47.759050647436005,False,-1,,File 1
71,1220902.400214202,889375.3635945526,-18.44640664796007,Sign Face,101st Ave NE,D3-1,3.49856897811095,1.660039227406184,,-77.28543214847977,-122.20547696177262,47.75954601213789,False,-1,,File 1
78,1219884.22771115,889121.2036899073,-26.22596898734543,Sign Face,CROSSWALK,W16-7P,0.9640143222361804,0.6881451986233394,,-22.53935948507457,-122.2095925145452,47.75878910565404,False,-1,,File 1
79,1219883.263525817,889120.8043489725,-24.67080947637531,Sign Face,79th Ave SE,D3-1,1.855201026995977,0.7610836945970854,,-22.2173741491908,-122.20959639784354,47.75878795403089,False,-1,,File 1
80,1221912.101102569,889275.4038077433,-40.10864754994684,Sign Face,"CHRISTMAS LIGHTS
RENTALS - SALES - INSTALLS
206-602-8822",D1-1,2.028311498761177,1.381546272685131,,-45.58449082508007,-122.20136467367166,47.75933184863046,False,-1,,File 1
81,1214082.936020934,888008.0589815917,-28.14492925693565,Sign Face,STOP,R1-1,0.4241242344429096,0.3066449220913152,,148.9768279253175,-122.23306958206746,47.75539168240752,False,-1,,File 1
82,1199279.328221251,879680.142653899,165.2274200592441,Sign Face,,W1-2,1.230508541787664,0.5123678741107385,,-91.723307523302,-122.29245748931288,47.7316634212304,False,-1,,File 1
84,1199145.208139058,876783.5104430022,130.543643626571,Sign Face,,D3-1,0.3311389257013798,0.3719105576040845,,-78.12001719851794,-122.2927348060404,47.72371724943862,False,-1,,File 1
97,1220670.022938303,889335.8943725728,-32.29721150473975,Sign Face,,D1-1,1.676430471936862,1.787185575415691,,-15.648383168182583,-122.2064178938735,47.75942407650892,False,-1,,File 1
106,1201642.819408589,890030.6531829721,51.85064515848982,Sign Face,NE 184 ST,D3-1,5.650882920821508,1.094583921631177,,65.68162840011595,-122.2838082404169,47.76017417094236,False,-1,,File 1
107,1201642.191436584,890030.7212666717,51.1620298506819,Sign Face,,D3-1,5.858211631079516,1.699500825951497,,-24.97913473461273,-122.2838107987869,47.76017431858976,False,-1,,File 1
112,1211041.580292378,888970.1869355788,-30.31290209854616,Sign Face,STOP,R1-1,1.025195101996263,1.378989320670565,,107.49434820300957,-122.2455153725996,47.75784444987365,False,-1,,File 1
115,1208574.198185444,889310.9844993098,-11.91360359013053,Sign Face,US,M1-4,1.672262848416964,0.8531050252914429,,-164.90068425674878,-122.25557341572524,47.75862826916867,False,-1,,File 1
118,1209687.480412821,889255.3216194549,-31.84593489604665,Sign Face,,R2-1,1.875726064393918,0.3037049063791832,,79.10058211381127,-122.25104404465746,47.75854355883232,False,-1,,File 1
119,1210506.114811217,889011.17382332,-33.36055008092247,Sign Face,I-5,M1-1,3.246564055532217,1.141811610485117,,171.50610666890626,-122.24769515086524,47.75792427057386,False,-1,,File 1
126,1200479.693505269,883209.4394388723,109.4951924508813,Sign Face,,D3-1,0.9328194294373195,0.6543534610172114,,-179.6783239454707,-122.28790676145516,47.7414095988506,False,-1,,File 1
129,1222686.319923121,889021.54522353,-33.09694945771221,Sign Face,DO NOT ENTER,R5-1,0.4817465379834175,0.2285453205058972,,168.35169781498908,-122.19819596621488,47.758681906371805,False,-1,,File 1
135,1205318.467712625,889055.0408517979,2.504449548125535,Sign Face,DO NOT ENTER,R5-1,0.9750703946252663,1.178447176218033,,169.309089761932,-122.26878121988102,47.75772754221352,False,-1,,File 1
137,1219209.028646768,886927.719152363,-9.336225683490166,Sign Face,"LEFT LANE
BUSES
ONLY
EXCEPT FOR
TAXIS",R3-11a,3.041272810995579,2.688583955119054,,-8.212575587977106,-122.21214301211444,47.75273797754475,False,-1,,File 1
147,1209539.395963358,889312.2553115987,-36.92120754649215,Sign Face,ONE WAY,R6-1,1.972582049568494,0.8466030867397786,,112.88269056441511,-122.25165099385316,47.75869056520682,False,-1,,File 1
152,1210157.176239236,889213.5898660038,-34.73296486402525,Sign Face,DO NOT ENTER,R5-1,0.3672790337043504,0.884893323381742,,-101.91235328084034,-122.2491314542348,47.75845776229216,False,-1,,File 1
160,1219163.042513142,887993.1329821283,-13.74711388885948,Sign Face,DO NOT ENTER,R5-1,2.846879925429821,1.524363350545367,,-53.3331496888577,-122.21242388587586,47.75565488483008,False,-1,,File 1
161,1219254.521774311,886627.2353488555,3.303879211942629,Sign Face,STOP,R1-1,3.780747127334277,4.705816404024761,,-177.88122564874865,-122.21193164239077,47.75191724193987,False,-1,,File 1
163,1210706.279285908,889078.780436352,-35.9856097013749,Sign Face,,R2-1,1.05074369798104,0.3323844265999893,,-179.99999976558496,-122.24688778360836,47.75812168941067,False,-1,,File 1
170,1199240.222546203,877877.3864130543,151.5551744137211,Sign Face,STOP,R1-1,3.400302078723908,1.303944231023391,,-1.7755600401749232,-122.29244989999935,47.7267207866247,False,-1,,File 1
171,1202118.235867736,886938.8523390848,-31.73189616595679,Sign Face,US,M1-4,2.324337726980448,4.752579361399015,,-81.80768523031283,-122.28159226172284,47.751731073456696,False,-1,,File 1
194,1210528.997342142,889122.5986047633,-34.19878873435133,Sign Face,DO NOT ENTER,R5-1,1.719583131571611,0.8320548305660487,,59.71214891694261,-122.24761219249032,47.75823100325718,False,-1,,File 1
196,1198852.182304097,876004.9973682546,136.4328836371504,Sign Face,STOP,R1-1,0.3656726888070504,0.2997877372428775,,61.41700626035368,-122.29385294113162,47.72156557784069,False,-1,,File 1
206,1199254.883770161,879236.1304019053,162.2777688688043,Sign Face,STOP,R1-1,2.339022381305695,1.756229550490777,,-89.632834422684,-122.29251578645388,47.73044514701425,False,-1,,File 1
218,1208732.334992899,889378.5448054138,-10.62782915731244,Sign Face,CROSS TRAFFIC DOES NOT STOP,R1-2a,9.145804446140929,12.3051634434859,,87.9652444519746,-122.25493686257192,47.75882305267749,False,-1,,File 1
234,1218866.894840311,886108.6333990875,6.773181742231323,Sign Face,,W3-3,0.6536291330556075,0.597077090566357,,-106.6887556419351,-122.21346097985004,47.75047300233516,False,-1,,File 1
235,1218866.279684061,886109.3332594696,7.035607483585949,Sign Face,,W3-3,28.85889992316564,1.108846866115928,,1.030588355527649,-122.2134635412576,47.75047488359865,False,-1,,File 1
236,1220260.668092823,889149.7079820139,-27.01077012052112,Sign Face,STOP,R1-1,0.5793794548511506,0.2972037500391404,,-38.25621898151346,-122.20806515721036,47.758889570653416,False,-1,,File 1
244,1201539.44272117,886107.0494518422,2.47364918331332,Sign Face,STOP,R1-1,0.828370124946038,0.1932876572106034,,71.48272273938578,-122.2838676805998,47.74941580056654,False,-1,,File 1
246,1203222.864256408,887433.1981692901,-32.30678743718786,Sign Face,,R2-1,1.034988000392914,0.2293657627205054,,75.45089131263647,-122.2771489633935,47.75315404522311,False,-1,,File 1
252,1219888.814149545,889123.1337626663,-25.19149020671818,Sign Face,Bothell Way NE,D3-1,1.9398343689243,0.3683032664904992,,-22.741438351201555,-122.20957404514884,47.75879466724145,False,-1,,File 1
257,1199027.710091369,876379.7212397145,134.6392536157372,Sign Face,BOSTON 4,D1-1,0.2132897494733334,0.1928370910945038,,-171.26877287782003,-122.29317470841828,47.72260339840591,False,-1,,File 1
258,1200344.661902485,882970.1744955332,103.9320658518873,Sign Face,,D3-1,1.823093586564064,1.331525110577544,,27.745151852756013,-122.28843329914612,47.74074554012241,False,-1,,File 1
261,1212055.448303649,888650.667843302,-27.28472057680262,Sign Face,,D3-1,2.895307820240657,0.7848338393991193,,114.35809542202176,-122.24136641866146,47.75703027486788,False,-1,,File 1
262,1221891.359503626,889270.9060283421,-31.57959995433662,Sign Face,25 MPH,W1-2,0.0366376923707624,0.1262570467280845,,-116.8355696087927,-122.20144857487092,47.75931829673047,False,-1,,File 1
265,1222819.591193068,888670.0409473688,-28.33154383013619,Sign Face,60,R2-1,0.3019618211127818,0.4829840945452452,,178.43654568977334,-122.1976235967078,47.75772651069298,False,-1,,File 1
266,1222820.615833973,888670.1418338949,-28.15900319953733,Sign Face,,R2-1,0.1551744081700842,0.5608233418812355,,179.16474736560164,-122.1976194414298,47.75772684760397,False,-1,,File 1
267,1185778.609344298,898168.1383016856,337.4080424525343,Sign Face,YIELD,R1-2,2.784698794782162,2.553401164909204,,-177.60478018710208,-122.3490553993069,47.78147186204524,False,-1,,File 1
271,1202265.335106017,886864.4138271728,-31.81884778757863,Sign Face,,D1-1,4.933772425850233,2.198476943771045,,-29.925319432893243,-122.28098770621791,47.75153619185607,False,-1,,File 1
276,1222812.765620715,888687.7089677699,-28.8784309964376,Sign Face,FOR PROJECT INFORMATION 425-388-3789,G20-1a,0.4673545285811028,0.4205267454187076,,153.2241390577275,-122.19765288121238,47.75777452532439,False,-1,,File 1
278,1222814.602191026,888669.1037201768,-28.54690468043062,Sign Face,DO NOT ENTER,R5-1,0.2432735831290484,0.2292466710011165,,-1.9003809677167725,-122.19764378984176,47.75772364802644,False,-1,,File 1
286,1221921.331149642,889271.31292857,-31.42325530869239,Sign Face,STOP AHEAD,W3-1,0.1887435087934137,0.328214163115869,,-41.202598618626105,-122.20132680333856,47.75932118371132,False,-1,,File 1
288,1199505.624020812,881560.2876335541,153.5120676447951,Sign Face,ONE WAY,R6-1,0.2633717040903867,0.4575634390488267,,113.00644245597525,-122.2917118104592,47.73682977169418,False,-1,,File 1
301,1199505.646448384,881563.9801730234,154.2019157181186,Sign Face,,M6-2,0.5102275964493553,0.8046297577892741,,-111.2989397222948,-122.29171206014232,47.736839891934885,False,-1,,File 1
305,1222508.467027448,889164.0823533264,-26.16457319716586,Sign Face,STOP,R1-1,23.59608939647675,2.649704126467308,,-127.91109132388934,-122.19893124565203,47.75906201620592,False,-1,,File 1
306,1222511.420082824,889160.5490095662,-26.50922854413562,Sign Face,,R2-1,26.09681525746982,3.264618868629138,,-128.84497527385682,-122.19891893490416,47.75905250780705,False,-1,,File 1
307,1222520.965242285,889150.7608263412,-27.09901728014124,Sign Face,STOP,R1-1,0.1749089840582262,0.1865139612307151,,-33.97191651168467,-122.19887928584248,47.7590262478766,False,-1,,File 1
314,1221913.318098698,889271.4075949492,-31.85295025875144,Sign Face,,D1-1,0.1925526593935987,0.5613375482459864,,6.939721208119503,-122.2013593773306,47.75932096941615,False,-1,,File 1
328,1197098.357417622,893686.3097098683,151.5716696923974,Sign Face,ENTERING A STREAM MANAGED FOR FISHING AND OTHER OUTDOOR RECREATION,I-2,0.4959126837799947,4.120505438446999,,-39.28815258958443,-122.30261666179126,47.76990862382248,False,-1,,File 1
353,1213226.870806497,888280.6818839533,-30.71732291112317,Sign Face,,W1-2,0.4911264286438625,1.039056967472037,,-122.63693698774104,-122.23657280507852,47.75608716379209,False,-1,,File 1
358,1219825.451854318,889070.8677087417,-23.47159223496887,Sign Face,,M1-4,0.567020217900475,0.7973690739646555,,179.9999988404845,-122.20982694634247,47.75864767414311,False,-1,,File 1
359,1219824.148652211,889072.4023954279,-23.55834497928593,Sign Face,South Ave SE,D3-1,1.662031520406405,0.7016289136682948,,24.79742298182208,-122.20983237780484,47.75865180234003,False,-1,,File 1
374,1216157.464768696,886990.0037226755,-6.039338238835064,Sign Face,,D3-1,0.168006504268075,0.8861172890166442,,89.32132349372834,-122.22454873697832,47.75272645469258,False,-1,,File 1
390,1198422.899359761,875174.8704413747,125.4965138747297,Sign Face,"ONLY
EXCEPT BUSES AND BICYCLES",R3-5,1.694709584216277,1.023952167729537,,27.105217049623043,-122.2955195439126,47.719263952049445,False,-1,,File 1
393,1180232.562442443,902963.9556995534,229.8086387850844,Sign Face,226TH ST SW,D3-1,5.076648854017258,2.083226470102867,,-37.31044729161789,-122.37206611947938,47.79425490182383,False,-1,,File 1
400,1219223.85567456,887829.6956584182,-14.24313461561971,Sign Face,,D1-1,5.990613072315853,7.94117586473624,,13.101503910205215,-122.21216233463014,47.75521062235221,False,-1,,File 1
403,1198424.007922586,875179.7276125986,125.6905023568872,Sign Face,"ONLY
EXCEPT BUSES AND BICYCLES",R3-5R,3.964742073814075,0.8907036890834571,,-110.64508996069,-122.29551549121112,47.71927733166368,False,-1,,File 1
412,1199202.118102029,877429.6768156829,140.944880516728,Sign Face,7-9 AM,R7-200,0.99835722570618,1.49696081524094,,7.987461494578417,-122.2925633292046,47.72549152632357,False,-1,,File 1
427,1184681.814585998,899352.3293016448,320.1215410767002,Sign Face,RESERVED PARKING unauthorized vehicles will be towed,R7-1-1,1.230471973394354,1.595998290851713,,-86.17357935120893,-122.35362768744804,47.78464626551263,False,-1,,File 1
434,1201707.510136942,886335.4598510121,-13.75586214363548,Sign Face,,R2-1,2.101766841063897,1.360334257930517,,45.46095502549322,-122.2832057689872,47.75005213764442,False,-1,,File 1
447,1208614.463686339,889356.1006133667,-17.63423006355735,Sign Face,"RIGHT LANE
[bus symbol]
ONLY
EXCEPT RIGHT
TURNS",R3-11b,3.122780239731074,5.275760822296143,,-90.20240250013444,-122.25541385919938,47.75875435905429,False,-1,,File 1
461,1200609.64686505,883432.7335482676,98.48378043433058,Sign Face,WRONG WAY,R5-1a,3.774742870926858,2.782378559559584,,173.9501469997429,-122.28739937125673,47.74202957399147,False,-1,,File 1
495,1198666.31540631,875584.5604989511,128.065509601633,Sign Face,USE CROSSWALK,R9-3b,1.463246712138256,2.200670851816734,,105.02886411964651,-122.29456891030894,47.72040183753836,False,-1,,File 1
496,1198666.578129292,875585.3102206308,127.989779001276,Sign Face,USE CROSSWALK,R9-3c,1.714728921800852,2.257894520759583,,114.27275721888026,-122.29456791267178,47.72040390843596,False,-1,,File 1
524,1211437.483801289,888876.9216287119,-21.50974760433011,Sign Face,3RD AVE NE,D3-1,4.750096230606238,2.107563811391592,,104.38136863404192,-122.24389807086465,47.75761287146317,False,-1,,File 1
548,1196582.862888,868609.1211556895,79.68673455178765,Sign Face,USE CROSSWALK,R9-3b,2.214871708254019,1.23734908019503,,-68.85254891484222,-122.30238239236212,47.70115627580448,False,-1,,File 1
549,1196582.56652366,868607.9837574147,80.83807496647069,Sign Face,NE,M3-1,0.6327526870866618,0.7456254818663002,,-112.17788080014633,-122.30238348993454,47.70115314032699,False,-1,,File 1
559,1195182.31070172,864780.2524882903,253.6083722839756,Sign Face,NE 85TH ST,D3-1,0.7638074532399576,1.139454513539871,,82.46818193799295,-122.3077116742706,47.69057581067898,False,-1,,File 1
580,1199495.943319722,881699.4771479176,151.0638328768812,Sign Face,"RIGHT LANE
MUST
MAKE NEXT
RIGHT TURN
EXCEPT BUSES",R3-7-1,3.087979058027268,4.098989143371583,,18.0905779343696,-122.29176398236062,47.73721059669232,False,-1,,File 1
587,1216523.447894612,887046.7346655669,-3.255650452573825,Sign Face,"RIGHT LANE
TRANSIT
ONLY
EXCEPT RIGHT
TURNS",R3-11bP,3.044981276293596,3.940709012846153,,-83.61193274834883,-122.22306658173387,47.75290384089803,False,-1,,File 1
588,1207220.252094949,889226.3769860092,-4.44922716597689,Sign Face,,R2-1,7.184741244912148,1.179101398463051,,179.7859573360489,-122.26106812170586,47.75831369242912,False,-1,,File 1
589,1219182.408320739,887583.3634768819,-15.20321646670473,Sign Face,,R2-1,0.2909898120289048,0.36771054563423,,11.50967849331261,-122.21230903202564,47.75453311174434,False,-1,,File 1
659,1199246.96843935,880493.8590062347,161.1670659122867,Sign Face,Push Button Wait For Walk Signal,R10-3e,0.4916148220251004,1.248054037342469,,-78.53832863240017,-122.29266406202844,47.7338912760808,False,-1,,File 1
663,1199971.978139058,882503.0025719085,113.8324495118859,Sign Face,Push Button Wait For Walk Signal,R10-3e,0.4591203335051736,1.55455603470405,,-152.44811620892173,-122.28990427427078,47.739442157789455,False,-1,,File 1
664,1199972.96174827,882502.4338727711,117.1664231739444,Sign Face,,D1-1,1.109955553313096,2.676303037106991,,-143.56655843519317,-122.28990022596004,47.73944066053327,False,-1,,File 1
678,1207808.290206929,889324.6266704828,-4.621529613136975,Sign Face,"ONLY
EXCEPT RIGHT TURNS",R3-5bP,2.980961752782266,1.478902091085911,,-90.74628314983488,-122.25868727435513,47.75861888978492,False,-1,,File 1
731,1199163.605155659,876726.6605538828,124.6436028379205,Sign Face,RESERVED PARKING FOR FRED MEYER CUSTOMERS WHILE SHOPPING ONLY,R7-201,1.299226908286413,1.792281488577525,,-78.93199200014593,-122.29265484277322,47.72356260590976,False,-1,,File 1
771,1194430.621803608,864024.0956975189,289.3572456067804,Sign Face,NE 82nd St,D3-1,3.015799698432287,1.468957639187574,,-132.19622701039842,-122.31069209692302,47.68845638002523,False,-1,,File 1
802,1199350.859358947,880158.448264861,167.6231027215722,Sign Face,DRIVE THRU,R6-4,0.9848007160921892,0.2048640714368473,,-93.06673350359546,-122.29221109096116,47.732978603089606,False,-1,,File 1
825,1198864.693685119,875770.4482223399,127.1572430127862,Sign Face,INTERSTATE,M1-4,1.123266741807262,1.659828030268351,,-179.1176863171403,-122.29378046560132,47.72092360645755,False,-1,,File 1
829,1199591.96536562,881576.1783690277,149.972391099334,Sign Face,SPEED LIMIT 5,R2-1,2.075523836712043,1.902993179311355,,-108.28399468682817,-122.29136253567653,47.73687869281333,False,-1,,File 1
878,1213170.423011698,888248.5542874923,-34.51751679713501,Sign Face,,W1-2,3.301269785265128,3.164158061196407,,-79.22157390024203,-122.2367993220398,47.75599571609891,False,-1,,File 1
883,1200681.946948058,883545.4757492971,91.60299645682204,Sign Face,,D3-1,2.409134160031875,0.5920612563192845,,120.09539497358357,-122.28711601985503,47.74234301651542,False,-1,,File 1
890,1184795.881215229,899584.9833177582,307.3431568108006,Sign Face,NO TRESPASSING,R7-201,0.9945877479016784,1.508120823999246,,171.5878272894913,-122.35318613916908,47.78529113650878,False,-1,,File 1
905,1187991.015593485,896965.4565699147,299.1378695386651,Sign Face,EXIT,E5-1,4.258480528593064,4.63523353834947,,147.1970980338989,-122.33994652799564,47.77831801756377,False,-1,,File 1
906,1187991.361618875,896965.2435079843,300.3405480664971,Sign Face,WRONG WAY,R5-1a,2.991292617221674,2.160420001745224,,-33.363851981559414,-122.33994510106449,47.77831745584346,False,-1,,File 1
915,1177840.267845275,909388.8205872488,-54.66610879003975,Sign Face,,R2-1,0.617346344764034,0.356116238317142,,-124.36619060592076,-122.38241812879798,47.81170415388,False,-1,,File 1
924,1209558.356873188,889180.5674695093,-29.74772917116655,Sign Face,"TRAILER SALES
BOAT/RV
storage",D1-1,5.999226786692938,1.185597079321742,,-14.328821856191288,-122.25156205091754,47.75833084873516,False,-1,,File 1
937,1194346.749093647,863942.1469528086,288.5836445707086,Sign Face,USE CROSSWALK,R9-3b,1.77897430891792,1.23859758771956,,162.2069148757611,-122.31102486062684,47.688226529766034,False,-1,,File 1
940,1193568.179148986,896687.1175904225,247.9437083588047,Sign Face,25 MPH,W13-1P,0.8957517895599207,1.289345033317804,,-56.61872312711905,-122.3172470501958,47.77790966226392,False,-1,,File 1
948,1219310.345602029,886319.0947323496,3.502007158001533,Sign Face,Push Button Wait For Walk Signal,R10-3e,0.5172652032971383,1.204412690997124,,-57.75373158470381,-122.2116776257138,47.75107613739738,False,-1,,File 1
952,1195714.148523172,865687.5759176523,199.8446521848443,Sign Face,Lake City Wy NE,D3-1,4.283071697552999,0.8817765033990146,,-88.73360781145125,-122.3056374111483,47.69309562927188,False,-1,,File 1
959,1219933.891365783,889090.9447406911,-35.4197091216343,Sign Face,HUMP,W16-13P,0.5574717117473483,0.6244969323029121,,161.9522326097375,-122.20938801441996,47.75870913472768,False,-1,,File 1
974,1219942.331942311,889055.3111841343,-31.47880181814207,Sign Face,,R6-1,1.038334497263034,0.3032341372035444,,30.31024368742224,-122.20935057288588,47.75861198658752,False,-1,,File 1
1012,1219379.527451598,886540.0377514027,3.007940395872069,Sign Face,,M6-1G,1.03027918420732,0.9620667130748431,,10.818116631147046,-122.21141599206916,47.75168572167509,False,-1,,File 1
1013,1219379.537063415,886539.9868888742,4.125035585761339,Sign Face,Appalachian Trail,M1-8,1.065482324908177,2.441307306240003,,-170.54802095647307,-122.21141594852658,47.75168558286357,False,-1,,File 1
1036,1199355.948815734,880850.405330901,161.0336894442641,Sign Face,LEFT LANE MUST TURN LEFT,R3-5,1.469485338702798,1.906787101229032,,132.05335754685913,-122.29225429416938,47.73487512606677,False,-1,,File 1
1054,1199334.826849181,877887.4395720306,150.0613754934075,Sign Face,"NO
8-10 AM
3-7 PM
2 HR
10 AM-3 PM
7 AM-6 PM",R7-200,1.306251755307118,1.967455825706323,,-171.93594877091505,-122.29206659353584,47.7267542276828,False,-1,,File 1
1057,1197496.033505675,872735.5380176686,101.1867033062381,Sign Face,"PUSH BUTTON
WAIT FOR
WALK SIGNAL",R10-3e,1.483140798086922,1.481607174426317,,59.38283990485375,-122.29905748629584,47.71252138311812,False,-1,,File 1
1070,1197147.901525288,871920.2461284271,108.4932857443892,Sign Face,NE 113th St,D3-1,2.905973666807016,1.029679032340646,,21.680635423337296,-122.30039546526096,47.71026540325233,False,-1,,File 1
1071,1197154.921355203,871918.0274008067,108.2595233656965,Sign Face,Lake City,D3-1,9.046308692296346,1.543474051554998,,-157.35118013781698,-122.30036675752754,47.710259762261416,False,-1,,File 1
1076,1184535.330503966,900473.1840383799,307.7604197782281,Sign Face,5,R2-1,0.9927473995089532,0.5366965621834,,-171.05756764671747,-122.35433042449232,47.7877082240611,False,-1,,File 1
1077,1184536.073817768,900482.8294961435,306.4742385953668,Sign Face,"Private Drive
FOR NOT
SOLICITING",R7-8,1.443377950290839,1.202665034681559,,19.435097057026685,-122.35432832430288,47.78773470266184,False,-1,,File 1
1081,1179334.408685932,903505.9884542734,200.3002372640374,Sign Face,"PRIVATE PROPERTY
NO TRESPASSING",R5-11,1.164381251285474,0.8782984972000123,,-1.6395233988735065,-122.37577093355844,47.79568169688054,False,-1,,File 1
1084,1179326.023978087,903506.1550590912,200.3127025884393,Sign Face,,R10-3e,0.5492236813033621,0.7909234057615202,,-178.34135742300435,-122.37580504741192,47.79568160691587,False,-1,,File 1
1102,1177699.281722228,908707.716062916,-51.65493352671437,Sign Face,"DO NOT BLOCK
CROSSWALK
MINIMUM
$100 FINE",R10-7,1.98843043923378,2.608861142198245,,-139.42655319090343,-122.38292549005844,47.8098285921495,False,-1,,File 1
1118,1195726.448444233,866824.7691403086,149.3841053829593,Sign Face,To Trail,D11-1,5.17234814375639,1.139514352728923,,87.90045036889373,-122.3056931720551,47.69621276264866,False,-1,,File 1
1119,1195726.233780334,866825.2577409759,148.5216701374454,Sign Face,To Trail,D11-1c,3.282259696225326,0.5729874170323214,,87.57096361613345,-122.30569408881796,47.69621408813845,False,-1,,File 1
1122,1221811.182036457,889331.4771922572,-31.75027520577086,Sign Face,,D1-1,0.4145370577027401,0.6429708641643326,,90.00000201522988,-122.20177973447451,47.75947954431846,False,-1,,File 1
1123,1198972.751327127,876191.3304391367,130.2394571711623,Sign Face,,R6-1,2.717687507371108,2.494784181515376,,21.578271959485644,-122.29338050706356,47.72208371361217,False,-1,,File 1
1124,1219244.456200072,887310.8690825033,-15.8454888647792,Sign Face,,M1-4,2.184007397641738,3.218359068880479,,-22.23808809147549,-122.2120328491455,47.75379006384541,False,-1,,File 1
1125,1199694.577913634,882069.7635641367,135.9940942058963,Sign Face,US,M1-4,9.654004207849503,3.926632723609607,,-149.58774257561143,-122.29099123170194,47.73823767447548,False,-1,,File 1
1132,1199132.554182759,877108.749479664,161.539511282643,Sign Face,ACEITUNO'S MEXICAN FOOD,D1-1,8.051294052402179,8.358217466274898,,-170.00829852247944,-122.29281622489874,47.724607735077086,False,-1,,File 1
1161,1193991.406648986,896505.7474207447,235.0710331751906,Sign Face,DO NOT ENTER,R5-1,4.179600744247437,4.390150210857392,,-95.47708096604596,-122.31550949899624,47.77743937089314,False,-1,,File 1
1181,1200406.489911519,883240.6181688324,110.1153548552595,Sign Face,"RIGHT LANE
[bus symbol]
ONLY",R3-11b,5.094223975837231,6.241946270664534,,-147.38422192148312,-122.28820703157342,47.74149049106599,False,-1,,File 1
1184,1200249.21976951,883026.0247557464,119.3518974139296,Sign Face,NORTH,D1-1,0.3628717356547714,0.8842410566657782,,93.84612370326698,-122.28882618539396,47.74089265724211,False,-1,,File 1
1185,1200248.703935363,883025.0035002532,119.5320939407749,Sign Face,BOTHELL WAY NE,D3-1,3.276170178751151,1.631604074984789,,119.07935018691836,-122.2888281868998,47.74088982658664,False,-1,,File 1
1197,1200013.390650044,882588.8801465748,116.4638594685001,Sign Face,522 BOTHELL WAY NE,D3-1,7.755255895455679,1.733379780153434,,122.8573826716262,-122.28974395495386,47.73968006761171,False,-1,,File 1
1198,1200012.956516336,882588.2393588144,115.9028572934869,Sign Face,BOTHELL WAY NE,D3-1,7.72048971772194,1.816491329371929,,122.18392069877306,-122.2897456595361,47.73967828463282,False,-1,,File 1
1199,1200012.488741271,882587.5649296966,116.1714499912662,Sign Face,522 BOTHELL WAY NE,D3-1,7.287524634202322,1.910243107726177,,-57.70189444227652,-122.28974749768398,47.739676407372826,False,-1,,File 1
1200,1200013.148752664,882588.5285142914,116.2986563740177,Sign Face,BOTHELL WAY NE,D3-1,7.712662908236187,1.601255632936955,,122.64923414443928,-122.28974490523848,47.73967908897403,False,-1,,File 1
1234,1192080.920368875,861470.6237549733,184.9527196019891,Sign Face,ADOPT A HIGHWAY,M1-102,4.112762325604757,4.623925887147586,,-146.22136943184188,-122.31998928372684,47.68131061406604,False,-1,,File 1
1243,1206608.442359028,889191.1756608215,-8.626293544570334,Sign Face,"RIGHT LANE
TRANSIT
ONLY
EXCEPT RIGHT TURNS",R3-11bP,3.078748178680738,4.051350108981133,,96.02231972952455,-122.26355127715397,47.75817976379856,False,-1,,File 1
1264,1199323.460876281,877740.3883928314,146.1819437656803,Sign Face,"NO PARKING
8 AM - 5 PM
3 HOUR PARKING
5 PM - 8 PM
MON - FRI",R7-200,1.231798604304592,1.952024745941162,,8.94453833193227,-122.29209918440726,47.72635054630777,False,-1,,File 1
1271,1181421.822874572,901640.8290973804,246.8588747050368,Sign Face,104,M1-5,2.285168284475803,2.155623871187369,,126.59421261452454,-122.36710253338674,47.790706522378535,False,-1,,File 1
1272,1209090.198937397,889224.3784290582,-33.22337269996576,Sign Face,YIELD,R1-2,0.3848724886092048,0.4050886257489523,,-135.5979521747983,-122.25346857865344,47.75842239698815,False,-1,,File 1
1274,1179770.974183165,903424.6917111094,216.3878898201389,Sign Face,PARADISE,D3-1,0.8140474879369141,0.4479693690687419,,-5.671872249971654,-122.37398771392488,47.79548736844546,False,-1,,File 1
1290,1191627.079233621,861552.4843913665,162.1739287116133,Sign Face,6th Ave NE,D3-1,3.356010910073917,0.8975856847067675,,87.77216109420395,-122.32183864097466,47.68150622851008,False,-1,,File 1
1309,1200758.059718241,883711.3012088918,82.68421954731176,Sign Face,SHERIDAN SHORES,D3-1,2.810731970866521,1.657742654085159,,21.559914462933385,-122.28682206156437,47.74280216139496,False,-1,,File 1
1315,1177783.929785379,909631.0047193288,-53.18904450515879,Sign Face,Edmonds,D3-1,6.559535531103612,1.442894347955783,,-41.824382021084034,-122.3826708241368,47.81236409282816,False,-1,,File 1
1325,1222501.897225781,889031.2725819793,-32.85941397126427,Sign Face,NO PARKING ANY TIME,R7-1,1.308858084430297,2.083062010109425,,35.06387748937868,-122.19894631820164,47.75869767811969,False,-1,,File 1
1327,1221845.547083556,889306.8501667165,-35.2768700440722,Sign Face,Permit Parking Mon-Fri 6AM-6PM Unauthorized Vehicles Towed Away at Owner's Expense Tow-Away Zone,R7-201a,1.137236748039723,2.227297335416079,,-124.85562284775526,-122.20163791217902,47.75941408883447,False,-1,,File 1
1339,1196069.060038065,894748.8063032927,202.4564630470676,Sign Face,NO PARKING ANY TIME,R7-2,0.4939303639779489,1.586364279190699,,-22.91956983250058,-122.30689947049989,47.77275562201772,False,-1,,File 1
1366,1220997.757843291,889347.5102526997,-25.2521311626829,Sign Face,STOP,R1-1,2.03236452827851,7.34125005722046,,-81.49393648708337,-122.20508697194748,47.75947533377031,False,-1,,File 1
1373,1214827.915871195,887704.3603759272,-14.29011111676666,Sign Face,Push Button Wait For Walk Signal,R10-3e,0.9802406178911528,1.552279212226471,,4.48845882850912,-122.23001509761636,47.75460425992773,False,-1,,File 1
1390,1209517.680467142,889142.6228217839,-29.50979076017909,Sign Face,"TRAILER SALES
BOAT/RV
storage
425-486-2754",D1-1,8.10744667808215,4.150070691108704,,150.8684049832567,-122.25172393255342,47.75822439137991,False,-1,,File 1
1406,1192145.293907287,861537.3297608327,191.228384669026,Sign Face,,M1-4,0.3318492471861343,0.7920090666040779,,169.78772091756787,-122.31973430247535,47.68149748641457,False,-1,,File 1
1456,1214105.793721333,888129.9570885482,-10.7814320534465,Sign Face,,D3-1,5.556572447816531,6.514105071226757,,119.65171729926142,-122.23298757946158,47.755727104382906,False,-1,,File 1
1480,1184882.288240783,899479.9125476979,315.9128170293573,Sign Face,,R2-1,0.4199081626906991,1.888744607965152,,-14.23919858798151,-122.35282478065513,47.78500878206406,False,-1,,File 1
1527,1196590.533117492,868619.5259469493,80.90381828884313,Sign Face,Late,M4-3,0.806994921291868,0.414206279963255,,-154.31148542018795,-122.30235222019022,47.70118526938729,False,-1,,File 1
1540,1189766.029729227,896634.0251205332,236.5691749344273,Sign Face,YIELD,R1-2,1.222106122324864,8.008057305018108,,63.91783062364745,-122.3326991052562,47.777523070164726,False,-1,,File 1
1541,1189765.561954162,896633.4940676767,235.6797064552707,Sign Face,,M1-4,0.8493319297581912,7.954638508955639,,-85.15017342915993,-122.332700956741,47.77752158515548,False,-1,,File 1
1571,1185079.663686746,898836.2973112884,324.02754296879,Sign Face,238 ST SW,D3-1,4.044247627456984,1.786518153349559,,142.92087602148985,-122.35196082480051,47.78325783228523,False,-1,,File 1
1605,1199568.329909077,891039.2915651336,54.20818718214857,Sign Face,25,R2-1,1.275069866776467,0.974842868819833,,69.32553362521246,-122.29233221643754,47.76280926740732,False,-1,,File 1
1609,1202461.842284565,887099.05839039,-39.20017211059702,Sign Face,"PUSH BUTTON
TO CROSS
STREET
WAIT FOR
WALK SIGNAL",R10-3e,1.078739443024,1.551149209762613,,-32.02240767935354,-122.28021074216998,47.7521913549112,False,-1,,File 1
1622,1199398.51154075,880585.9994802744,162.1300747992598,Sign Face,,D1-1,1.353823128392299,0.9493740584204596,,-178.4731183561445,-122.29205699346362,47.73415321169345,False,-1,,File 1
1653,1194295.989091206,863956.7553117767,291.0506774483127,Sign Face,,R9-3a,2.240951817035675,2.281005940884352,,-4.618850126728033,-122.31123223331046,47.68826336797808,False,-1,,File 1
1662,1195792.14520937,865975.1566586192,185.4574400864048,Sign Face,Lake City Wy NE,D3-1,4.182969729701679,0.9185821023831766,,85.76280722883303,-122.30534755096642,47.69388860878407,False,-1,,File 1
1664,1194470.542881082,864109.1058057545,286.7435574366652,Sign Face,"ALLEY
15
MPH",W13-2,2.652611411511898,1.262400385141373,,-49.75680853169671,-122.31053799620874,47.68869185362998,False,-1,,File 1
1683,1212040.171122456,888653.7622474462,-27.34089314887894,Sign Face,,D3-1,0.3880206459450226,0.5826210864757498,,56.86174697540595,-122.24142878068729,47.75703783022233,False,-1,,File 1
1684,1208129.148658263,889294.959799145,-9.184281075993905,Sign Face,,R2-1,2.069317574153344,0.8526240629206102,,-155.78459629486306,-122.25738063034083,47.75855719293352,False,-1,,File 1
1696,1197132.6764081,871995.8494723398,105.0469864934686,Sign Face,Lake City Wy NE,D3-1,0.8670650583257279,1.100075144991279,,89.99999940568391,-122.3004642907565,47.710471632586,False,-1,,File 1
1697,1219936.629932474,889064.7606509541,-30.35454352532797,Sign Face,,R2-1,3.082625601689021,1.722846714009842,,106.89663336124164,-122.20937457833338,47.758637543036414,False,-1,,File 1
1708,1195832.848047912,867289.5196871836,126.9272102191054,Sign Face,Push Button Wait For Walk Signal,R10-3e,0.225422511715442,0.7656503927086792,,9.537947794924486,-122.30530446538413,47.69749303795985,False,-1,,File 1
1724,1177574.241602599,906878.6771110932,-48.11629106501712,Sign Face,STOP ON FLASHING RED ‚óè THEN PROCEED IF CLEAR,R10-6,1.994133153061072,2.024925695757072,,-177.17405973765867,-122.38325644812608,47.80480853275864,False,-1,,File 1
1737,1199338.65555605,878612.2810649505,160.3048058821761,Sign Face,RIGHT TURNS PERMITTED,R3-7,1.614759734372298,1.97032967120409,,-0.3209927659218443,-122.29211794242012,47.72874079358313,False,-1,,File 1
1753,1199401.334210835,880932.213102304,161.200144077341,Sign Face,KEEP RIGHT,R4-7,1.061337776631117,1.695876252849897,,11.99446673262404,-122.2920774850791,47.73510213439598,False,-1,,File 1
1795,1204870.387259337,888911.4908768478,2.75718525191175,Sign Face,"TREE CITY USA
Arbor Day Foundation
20 Years",I-6,2.017199791570505,2.58160967151324,,52.69470319772535,-122.27058906820623,47.75730661346579,False,-1,,File 1
1802,1212329.800782287,888476.775795071,-22.66273379226499,Sign Face,SURRON ELECTRIC MOTORCYCLES $4850,D1-1,8.05908096909523,3.277648754268885,,-76.64819194666089,-122.2402358941832,47.75657034361495,False,-1,,File 1
1831,1209682.546347065,889281.771686174,-32.88457008034585,Sign Face,ROUTE 66,M1-4,1.866099190413952,2.745138833125432,,-13.760636076518052,-122.2510664832533,47.758615741014,False,-1,,File 1
1839,1188106.777106343,896890.0502682383,295.1766497637831,Sign Face,ONE WAY,R6-1,3.302405165433884,1.183821165611347,,-34.94486427248839,-122.33946876377767,47.77811878551522,False,-1,,File 1
1852,1179840.284991271,903371.8363326914,214.7050710258884,Sign Face,25,R2-1,0.8878033461670082,1.049782457674543,,-147.5182313192194,-122.37370074452627,47.795347047189736,False,-1,,File 1
1870,1190414.910639057,896639.7273306162,229.6850618642572,Sign Face,USE CROSSWALK,R9-3b,0.9257767871022226,0.6003882412488263,,-179.06838547855247,-122.33006173185233,47.77757998746426,False,-1,,File 1
1912,1207009.450543436,889198.5375612655,-5.737169889410065,Sign Face,RIGHT LANE,R3-5b,2.927077149699132,1.027235892117023,,87.47627762597281,-122.261922278072,47.75822450015645,False,-1,,File 1
1914,1207009.490592671,889198.8357778818,-7.992106085816747,Sign Face,"RIGHT LANE
[bus symbol]
ONLY
EXCEPT RIGHT TURNS",R3-8aP,3.095446441272895,5.322971986929576,,87.2143076969945,-122.26192214239092,47.75822531982344,False,-1,,File 1
1944,1211288.643222269,888905.0713849654,-31.452531338607,Sign Face,"CURB LANE
BUSES ONLY
RIGHT TURNS OK",R3-11a,3.055652793894212,4.380946708917619,,-72.34252788304676,-122.24450547498346,47.7576809909609,False,-1,,File 1
1954,1177976.649908263,909623.8423141368,-53.43560073713435,Sign Face,Push Button Wait For Walk Signal,R10-3e,0.707089386334022,1.341964604655902,,32.467360691206856,-122.38188615742376,47.81235707102052,False,-1,,File 1
2152,1202931.538110981,887368.8885094086,-34.67584425146354,Sign Face,THIS STREAM IS IN YOUR CARE,I-1,1.597220692063372,2.574946988473336,,-114.01497290978143,-122.27832688113205,47.75295981919855,False,-1,,File 1
2174,1202314.722220682,887005.4663318268,-35.1997907153266,Sign Face,"RIGHT LANE
MUST
TURN RIGHT
EXCEPT BUSES",R3-7P,2.612936073640983,3.215000643283129,,51.629413725152574,-122.28079996904016,47.75192577918206,False,-1,,File 1
2201,1199657.663732726,881661.2101038502,146.9647436104221,Sign Face,STOP,R1-1,1.269222346022725,1.858365464111169,,129.81310056176764,-122.29110349654124,47.737115798593216,False,-1,,File 1
2205,1221877.017071578,889310.7131156808,-33.14266542483094,Sign Face,55,M1-4,3.239802813827992,0.6820996316646537,,-77.71599202606633,-122.20151035407991,47.75942653550389,False,-1,,File 1
2207,1222023.789407978,889286.161282579,-31.46551830038402,Sign Face,,D3-1,0.1814386300121745,0.634924546542267,,-179.99999697695267,-122.2009117060641,47.75936793027655,False,-1,,File 1
2209,1222715.217160801,889017.3348975133,-34.15417500118388,Sign Face,STOP,R1-1,0.1914717529310535,0.9094006001452606,,-158.9884782922184,-122.19807815836728,47.75867207357899,False,-1,,File 1
2210,1222026.918654957,889281.1123756424,-31.42594435669455,Sign Face,STOP,R1-1,0.1444783242357274,0.4850743106628458,,-154.28551322021838,-122.20089854599236,47.75935427927397,False,-1,,File 1
2211,1199414.859638488,880673.8138359466,161.7434995581709,Sign Face,,D3-1,1.491407699386279,1.620197082906962,,0.130742736131859,-122.29199869197797,47.73439487191095,False,-1,,File 1
2216,1215041.606574523,887418.4336183054,-2.882867166797048,Sign Face,US,M1-4,1.034772501091163,2.094075549741586,,-89.99999975281918,-122.22912124943886,47.75383355707186,False,-1,,File 1
2218,1202343.884471658,886917.6800106191,-29.47440370197071,Sign Face,,R2-1,1.360683515419563,0.5649727789809307,,-48.68476117197825,-122.28067341607988,47.751687019704256,False,-1,,File 1
2219,1208180.736878885,889213.619152007,-17.99955105046404,Sign Face,"Reserved Customer Parking Only
7am - 7pm
Violators Will Be Towed",R7-8,1.071932930822174,1.446119602024555,,-0.9287501750049468,-122.25716361254864,47.75833744164781,False,-1,,File 1
2220,1213927.508143737,888079.0769384018,-20.28558250546428,Sign Face,,D26-1,3.348494638601939,3.246990165313085,,-170.54754772965478,-122.23370754572912,47.7555769359475,False,-1,,File 1
2230,1202322.014385395,888823.815842452,2.927685483495665,Sign Face,NE 178 ST,D3-1,3.015232986112436,0.6662556908279658,,-26.89571536787544,-122.28093719424687,47.75690911043708,False,-1,,File 1
2239,1219268.893041808,886294.6206448252,1.334523785313245,Sign Face,,R2-1,2.07057752152284,1.507285324210922,,-108.7778111449654,-122.21184390704484,47.75100660325151,False,-1,,File 1
2240,1205297.421038634,889050.8366833511,3.350530313054989,Sign Face,STOP,R1-1,0.8252386384954056,1.146731037149827,,169.1852539583275,-122.26886636789344,47.75771472779399,False,-1,,File 1
2241,1202360.62344993,888759.4086126215,2.729138272007575,Sign Face,NE 178 ST,D3-1,2.916049334704876,0.8207789567112923,,-30.85570842805445,-122.28077438428036,47.7567350026768,False,-1,,File 1
2252,1199325.591495584,877669.6870752858,143.6021973222497,Sign Face,"EMERALD DOWNS
ENTRANCE",D1-1,1.114316187550624,0.8864965638766688,,97.08084589510172,-122.29208400578662,47.72615693168881,False,-1,,File 1
2253,1220905.58132494,889241.7443781041,-32.69366258768454,Sign Face,,W11-2,1.17314202144742,0.977027390326063,,166.86593837118173,-122.20545229012656,47.75918003297069,False,-1,,File 1
2257,1220032.078273081,889212.5457323852,-27.20106069723738,Sign Face,"Library
Underground
Parking
Auto Center",D1-1,5.509380838473638,6.176066061258317,,-93.77791854793308,-122.20899968938524,47.75904819905173,False,-1,,File 1
2259,1199981.178249328,882313.4002819712,125.3377311732374,Sign Face,PSYCHIC,D1-1,6.117462375462056,3.865250622133414,,-150.00498271523446,-122.28984941783388,47.7389231540396,False,-1,,File 1
2262,1220198.657459278,889222.8364834483,-34.26396798436814,Sign Face,"DANGER
CONSTRUCTION SITE
AUTHORIZED PERSONNEL
ONLY",G20-2a,1.520478594303131,0.87910407739381,,171.96431919600704,-122.2083236086936,47.75908628984548,False,-1,,File 1
2263,1222063.143188038,889284.5621166244,-31.35406565969162,Sign Face,DO NOT ENTER,R5-1,0.5165045024951299,0.3878472149620454,,96.67602110386515,-122.2007516287701,47.75936587377267,False,-1,,File 1
2264,1221863.689787515,889310.7369950373,-32.28741149310617,Sign Face,,D3-1,3.990571874876818,0.9581434329102436,,70.03826212669179,-122.20156451944672,47.75942581296693,False,-1,,File 1
2281,1197095.699750386,893712.7085636281,150.4196534468733,Sign Face,"GREATER LAKE WASHINGTON WATERSHED
LYON CREEK BASIN",D1-1,5.492344269355139,1.312732183039188,,-99.8282486821095,-122.3026299173664,47.76998079790351,False,-1,,File 1
2283,1206239.768325011,889266.0752395517,-2.86172555108838,Sign Face,SLIDE AREA,W7-3a,4.098266379833222,4.061780118743579,,92.230510505713,-122.26505635223128,47.75836241218919,False,-1,,File 1
2285,1213944.477004617,888048.6577421839,-37.52425124953164,Sign Face,,OM3,1.991406558901072,1.937312909762065,,163.77174121670313,-122.23363587096058,47.75549459844191,False,-1,,File 1
2298,1210886.639413879,888968.2876506693,-31.03887798448377,Sign Face,,D3-1,1.264459068352977,1.108917949597041,,104.88444127767256,-122.24614486876258,47.757829845846935,False,-1,,File 1
2303,1196728.850359516,869195.4387525319,87.16097310006646,Sign Face,STOP,R1-1,1.853574222375949,13.41971644560496,,-39.97379713425042,-122.30184413385405,47.70277215664426,False,-1,,File 1
2310,1197004.291376362,893806.4938597503,154.2373342603448,Sign Face,Push Button Wait For Walk Signal,R10-3e,0.3955150888239344,0.533278346285224,,156.5003115368395,-122.30301018785946,47.77023207076174,False,-1,,File 1
2337,1180702.801336486,902210.1634156178,228.375802309712,Sign Face,,D3-1,2.057090042084456,0.5638141769046585,,146.66778987442035,-122.37008117745609,47.79221993128813,False,-1,,File 1
2351,1220086.833987701,889136.0180020665,-27.58526309937212,Sign Face,,R2-1,4.451089580555758,4.755716812213262,,90.35376766646776,-122.20877042052484,47.75884173540333,False,-1,,File 1
2401,1198684.427272358,875618.177826832,126.0919583918654,Sign Face,Free Vaccine Clinic,D1-1,1.531090761596958,1.198603987495105,,25.50922620958841,-122.29449846441388,47.72049509085094,False,-1,,File 1
2432,1219857.551516438,889110.683406666,-24.48099331100755,Sign Face,522 Bothell Way NE 18100,D3-1,4.820244577725729,0.7943381994838516,,-22.680362165061634,-122.20970000056307,47.75875869133844,False,-1,,File 1
2441,1188699.25908144,896809.938982431,283.0375764427586,Sign Face,Mallory Paint Store,D1-1,8.088787802060446,4.189858276347319,,-89.87227823178033,-122.33705252383318,47.777937104927,False,-1,,File 1
2533,1222435.13830487,889170.5870499562,-31.55383292575651,Sign Face,522,M1-5,0.4905447565267484,0.610967604542772,,-156.58800292249236,-122.19922982786224,47.75907551229103,False,-1,,File 1
2553,1220911.703451252,889247.172601358,-28.91970204601659,Sign Face,NO OUTLET,W14-2,3.498452428579331,3.91116957316796,,-4.750157922143745,-122.20542788645692,47.75919527117785,False,-1,,File 1
2568,1200830.479948953,884545.759861032,62.28002289394565,Sign Face,,R2-1,0.1319232043841233,2.196754904886087,,-80.85441369117811,-122.28660464076904,47.74509335963132,False,-1,,File 1
2574,1220889.892237365,889275.8621211766,-27.9464813863235,Sign Face,,R9-3,1.93522381807367,2.078484507699808,,167.4799890847386,-122.20551905019784,47.75927259885373,False,-1,,File 1
2575,1222331.473913759,889159.2849555857,-16.83736136058939,Sign Face,KAYSNER WAY 10500,D3-1,7.667757703463238,1.902844363550345,,-45.55800693546743,-122.19965013673476,47.75903841857625,False,-1,,File 1
2579,1199232.347264627,880478.3142961517,167.5475598520043,Sign Face,STOP,R1-1,1.496913295884927,1.75674854790171,,-42.96120938228117,-122.29272201837988,47.73384776731208,False,-1,,File 1
2582,1209643.759463927,889190.1080483388,-39.71978121101829,Sign Face,EXCEPT BUSES,R3-1a,0.954702777316173,1.729075856258472,,-3.868872382699112,-122.25121584005636,47.75836219058992,False,-1,,File 1
2586,1207838.464902567,889213.0592136398,-8.00120164255274,Sign Face,AUTHORIZED PARKING ONLY,R7-1a,0.9196965583910546,0.6220402011523645,,130.79324022146605,-122.25855453516188,47.75831500064463,False,-1,,File 1
2589,1197100.222110005,893709.198248178,150.4128826230767,Sign Face,STOP,R1-1,0.2577685022478303,0.1303980383866777,,-135.36656153497034,-122.30261120882254,47.7699714618816,False,-1,,File 1
2605,1195617.33510439,895235.0420632822,223.5460397809747,Sign Face,RESERVED PARKING,R7-8,0.5020002946133415,0.3938227495364846,,44.5221911377301,-122.30878105907426,47.77405966879115,False,-1,,File 1
2606,1195620.292339904,895231.8341195566,225.6542064819736,Sign Face,,W3-1,5.172764280339083,2.87571967681249,,43.795268025629774,-122.30876873856806,47.774051063988914,False,-1,,File 1
2636,1192190.517503478,896703.7716643157,264.9768983230991,Sign Face,3,M1-4,1.671729380091032,1.053434603735805,,-43.05659281023019,-122.32284930911722,47.77786817322988,False,-1,,File 1
2650,1202516.15064923,887074.231469105,-35.544537776609,Sign Face,,W11-1,0.2259977794749042,0.2540193619454901,,60.35693061475813,-122.27998778601015,47.75212668005037,False,-1,,File 1
2675,1199359.069452127,878392.8016451914,161.40897580723,Sign Face,,R2-1,1.035384972790877,1.850434033821027,,-24.20513210749519,-122.292014772055,47.72814061211687,False,-1,,File 1
2679,1188207.345541401,896890.3874827971,295.0346251640721,Sign Face,TO 99 WEST 104,D1-1,5.252688708305359,5.275259424646696,,112.2649858091323,-122.3390599489462,47.77812613682041,False,-1,,File 1
2680,1219077.950303975,886208.5282060129,4.54768642683851,Sign Face,,W1-8R,1.438734937657913,0.9168353260556856,,151.22830493718936,-122.2126121933088,47.75075931599839,False,-1,,File 1
2688,1220972.814578979,889274.6246498758,-28.29712964763217,Sign Face,,R9-3,2.180439925988515,2.031929618616899,,-17.497363837371026,-122.20518193896449,47.75927412147803,False,-1,,File 1
2691,1196834.91515159,893956.4009498992,166.2777738247318,Sign Face,195TH 25TH LEFT TURN LANE,R3-8a,6.297570903499922,3.413297351499399,,140.4792618253716,-122.30371260456891,47.77063224616753,False,-1,,File 1
2695,1194305.213231017,863965.5068706146,291.4631595383091,Sign Face,US,M1-4,0.0790741150453686,1.590110877305269,,-83.86727926448674,-122.31119561256284,47.68828793131571,False,-1,,File 1
2699,1194313.402498595,863960.295664153,289.3397991587722,Sign Face,YIELD,R1-2,2.112766691992681,0.6884208304435016,,-123.16410395468134,-122.31116189040549,47.688274165917775,False,-1,,File 1
2713,1219121.391308715,886184.5387142324,8.743090974688805,Sign Face,,W1-8,4.811283170282842,0.4482671961436669,,-13.782609911252978,-122.21243355784752,47.75069616049401,False,-1,,File 1
2721,1193153.768888569,896642.5443938079,243.0574263471368,Sign Face,EXIT,E1-5,2.34031342158715,4.495709669192633,,-92.8784449177618,-122.31892760063094,47.77776134002711,False,-1,,File 1
2730,1197081.640866922,893831.6267571909,152.3706269003951,Sign Face,,D3-1,0.0579764131860186,0.0198092908478186,,174.91229481574405,-122.302698112935,47.77030578773099,False,-1,,File 1
2732,1199330.591242085,881247.3349012135,165.8764304282271,Sign Face,,R6-1,0.3435043225685756,0.7003297090530396,,-74.58269185405334,-122.29239394522808,47.73596127270884,False,-1,,File 1
2735,1190102.568257059,896620.7536050302,230.3927568779392,Sign Face,DO NOT ENTER,R5-1,0.7745618363842369,8.318948878447216,,46.15391992653252,-122.33132971462172,47.777508125975295,False,-1,,File 1
2765,1199786.46207257,882170.1714017629,123.6695178343855,Sign Face,RESERVED PARKING EMPLOYEES ONLY,R7-8,1.621870038012664,1.10194179524978,,-172.98317656564893,-122.29062722573175,47.73851854446573,False,-1,,File 1
2769,1207388.458882059,889262.5351374832,-2.611893416841554,Sign Face,,R9-3,2.229371760636568,2.235502735326688,,175.65783512344842,-122.26038781987025,47.75842306923494,False,-1,,File 1
2774,1196937.88814272,871298.0828642669,102.999519414306,Sign Face,"PUSH BUTTON
FOR WALK SIGNAL",R10-3e,0.5296566575889786,0.717722673341632,,-167.34744339539847,-122.30119047106184,47.70854729754561,False,-1,,File 1
2777,1177593.064743061,908615.2471851492,-46.63441304981682,Sign Face,DAYTON ST,D3-1,5.424330968856812,1.125767961243789,,178.87368965866025,-122.38334856938918,47.80956826200789,False,-1,,File 1
2795,1198530.63340395,875373.014031666,127.1082953383528,Sign Face,"1 HOUR
7AM-6PM",R7-108,1.040067584887147,1.798518257389466,,22.16780864583264,-122.29510036049616,47.719813659783085,False,-1,,File 1
2802,1199340.789379292,877811.4741830332,155.1757378985487,Sign Face,,D3-1,1.630524427394072,1.084985305046042,,96.5064320535629,-122.29203536588096,47.726546426249286,False,-1,,File 1
2814,1202891.995098286,887243.5140787902,-37.5031362290181,Sign Face,,R2-1,0.8424092591305575,1.250439391682546,,117.54656395881211,-122.27847607546931,47.75261380759951,False,-1,,File 1
2824,1199342.911988748,877332.4621035655,139.2949521567427,Sign Face,RESERVED,R7-8,1.057806677818298,1.461184997856617,,94.85686755203132,-122.29198253811543,47.725233891009,False,-1,,File 1
2826,1200359.066811339,890998.0222301625,74.88103911022372,Sign Face,,W20-1,1.202435651123524,1.154121665880084,,68.96419203253342,-122.28911466042852,47.76274537892083,False,-1,,File 1
2845,1220611.380845916,889208.2373358042,-30.55598100875788,Sign Face,522,M1-5,2.049980325102806,2.259432739913464,,-105.53606166783956,-122.20664499309528,47.75907077016623,False,-1,,File 1
2874,1220317.589269581,889321.3347234868,-30.65267859607908,Sign Face,DO NOT ENTER,R5-1,3.107149109343688,2.33773857648174,,-21.18671122446605,-122.20784893186172,47.75936327137016,False,-1,,File 1
2876,1197066.518275776,893862.5255429982,151.7221421776218,Sign Face,BIKE ROUTE,M1-8,1.199948609272639,0.8762330674131712,,52.045642947492496,-122.3027624544025,47.77038951209929,False,-1,,File 1
2877,1197067.881551737,893860.5218797699,152.1498680076999,Sign Face,BIKE ROUTE,D11-1,1.127001704523961,1.373847550352415,,-126.7597323590808,-122.3027567267648,47.77038410687736,False,-1,,File 1
2901,1207032.615020975,889313.1911120366,-9.532279204328583,Sign Face,YIELD,R1-2,0.668163504973054,0.9591361572345098,,-146.0502097997895,-122.26183854860092,47.75854010806218,False,-1,,File 1
2914,1196785.534444803,869906.9342383718,104.0422387943668,Sign Face,,W11-2,4.696228053967158,1.161833196928104,,-87.72560383566379,-122.3016800042374,47.70472547915637,False,-1,,File 1
2934,1199252.892522196,878645.8919849538,158.5904357999566,Sign Face,"WARNING
Security Notice
This Area is Under
24 Hour Video
Surveillance
ADVERTENCIA
Aviso de Seguridad
Esta √Årea Est√° Bajo
Vigilancia de Video
Las 24 Horas",W11-11,1.37194169173638,1.34928718097508,,-89.39258010332811,-122.29246938401852,47.72882755834515,False,-1,,File 1
2943,1198914.89299827,891782.7845875437,86.75278378744949,Sign Face,SPEED LIMIT 30,W3-5,3.714412061870099,3.878349929054579,,-39.5703377294911,-122.29505672122974,47.76480594033535,False,-1,,File 1
2980,1201337.604188455,885701.3523029978,16.85964103162316,Sign Face,NE 165TH ST,D3-1,5.243978390793006,1.480475900868575,,20.6390394178832,-122.2846504933153,47.74829153992541,False,-1,,File 1
3008,1207974.827741922,889243.156864562,-10.05560693879895,Sign Face,,R2-1,0.5180991386622191,0.9243163980046908,,144.08733208389506,-122.2580030912858,47.75840580980704,False,-1,,File 1
3018,1214373.023844013,887960.6452929829,-20.96470880409055,Sign Face,STOP,R1-1,2.328017446001371,3.507209287683169,,123.11941528247004,-122.2318865072721,47.75527921479225,False,-1,,File 1
3025,1221803.654081873,889292.2982771697,-37.03986826727761,Sign Face,Park & Ride,D4-1,6.039146174589794,3.093809859007597,,-71.69497875659974,-122.20180689285203,47.75937173386654,False,-1,,File 1
3032,1219185.268236612,887583.198874526,-15.02156502624326,Sign Face,,M1-4,0.2307255154040953,0.8686182372768722,,-161.85477790508477,-122.21229739565258,47.75453283083336,False,-1,,File 1
3044,1199416.264565652,878454.781040333,164.4244704431298,Sign Face,,M6-3,1.213173363382618,1.83363075931867,,-90.7182007786418,-122.29178818801752,47.72831401929135,False,-1,,File 1
3052,1199034.704289774,876767.9176738373,125.3401216119531,Sign Face,,R7-200,2.361676012078921,1.137685444181164,,-179.47000246725244,-122.29318215077969,47.723667634891,False,-1,,File 1
3086,1199217.498610249,877818.9465693043,142.7313517373803,Sign Face,DO NOT ENTER,R5-1,0.5715401299794516,2.078163996487856,,-98.82688507903715,-122.29253679803791,47.72655922488666,False,-1,,File 1
3096,1222158.581616459,889216.957305808,-37.3880040648577,Sign Face,SPEED LIMIT 5,R2-1,4.749177523056667,1.199321275552114,,121.61846193932188,-122.2003578350081,47.759186250052565,False,-1,,File 1
3097,1222321.126493028,889237.7894660837,-17.36353634536239,Sign Face,WOODINVILLE DR,D3-1,9.235093120535216,2.113254596491655,,-165.01609217421137,-122.19969906543376,47.75925294016152,False,-1,,File 1
3125,1208194.369638488,889320.7102557897,2.577207744320503,Sign Face,US,M1-4,1.546123695646723,1.098898209830125,,-113.93015548308476,-122.25711790649753,47.75863174046208,False,-1,,File 1
3159,1193822.072075418,863487.0258440032,285.4179277573032,Sign Face,USE CROSSWALK,R9-3b,1.964239175965389,1.282547125443816,,-43.56130447921496,-122.31311181052796,47.68694627717309,False,-1,,File 1
3164,1197074.657882303,893862.9008043304,151.659940709472,Sign Face,BIKE ROUTE,D11-1,4.505312881271045,0.9766276801874242,,60.79919416254608,-122.30272940330558,47.770391050295984,False,-1,,File 1
3170,1197619.071163553,893254.8645073334,132.5802974122765,Sign Face,NO TURN ON RED,R10-7,0.975984311128656,1.557572047164043,,42.997339554879815,-122.30046003841372,47.768758933654006,False,-1,,File 1
3181,1198448.70708681,875072.7144546385,125.0920791812241,Sign Face,USE CROSSWALK,R9-3b,1.919647833605608,1.154317512114843,,120.40632639022874,-122.29540529647542,47.718985616887,False,-1,,File 1
2,1198471.219562804,875012.0166350189,126.105637708704,Sign Face,31st Ave NE,D3-1,2.833061179369688,0.7493196229139965,,11.770934611910524,-122.29530826443668,47.718820686783374,False,-1,,File 2
13,1199255.750435607,879647.2261876311,161.014603480697,Sign Face,"PUSH BUTTON
WAIT FOR
WALK SIGNAL",R10-3e,0.6883881731082997,0.621194728165865,,-93.49002905231,-122.2925502200662,47.73157174984637,False,-1,,File 2
33,1219344.141949991,886418.1060531504,15.42259625772662,Sign Face,,D3-1,1.889726479103168,1.501738954931498,,17.553407852355072,-122.2115490277353,47.75134947700256,False,-1,,File 2
63,1198976.040170308,876214.2930685312,125.7256956221663,Sign Face,Push Button Wait For Walk Signal,R10-3e,0.609609636279444,1.494122951477766,,28.757136707618887,-122.29336927125958,47.72214684462322,False,-1,,File 2
77,1194573.552717508,864243.2403056732,285.0407640864455,Sign Face,Lake City Wy NE,D3-1,3.001533331771692,1.014150469452143,,137.78245608242742,-122.31013241927548,47.68906591614918,False,-1,,File 2
104,1202493.860846984,887152.3547108856,-37.28987366139862,Sign Face,,R7-8,0.7568713872383039,0.3269839397879939,,-2.73098224402086e-07,-122.28008552472258,47.75233938523339,False,-1,,File 2
131,1194428.808374246,864086.7551286712,289.1829813728733,Sign Face,USE CROSSWALK,R9-3c,2.082275887429714,2.845809859931469,,-50.78592583405821,-122.31070529572644,47.68862797797069,False,-1,,File 2
146,1177678.632336649,908529.0388038014,-60.26669393916899,Sign Face,"EDMONDS FERRY TERMINAL
WEIGHT LIMIT REDUCED
SINGLE UNIT VEHICLES
4 AXLES 23T
5 AXLES 25T
6 AXLES 27T
7 AXLES 30T",R12-1a,1.751013958950838,3.473904672364394,,5.853861642550047,-122.38299213207212,47.80933763564188,False,-1,,File 2
149,1198512.058568745,875349.9368614593,125.3364796346429,Sign Face,NOTICE THIS AREA IS UNDER 24 HOUR VIDEO SURVEILLANCE TRESPASSERS WILL BE PROSECUTED,FDC,1.520793532257279,1.079186868071556,,-66.50520724413597,-122.29517365886176,47.71974926112932,False,-1,,File 2
153,1193786.20077659,863369.9523182057,278.6219730657342,Sign Face,Push Button Wait For Walk Signal,R10-3e,0.3953797662133972,0.7343382170548043,,-146.4970632281526,-122.31324646721944,47.68662318845279,False,-1,,File 2
154,1196751.974787821,868974.1250778086,83.63802962561476,Sign Face,,R9-3,0.3883555058514079,2.013371843447288,,-152.08323803085986,-122.3017297303616,47.7021671187553,False,-1,,File 2
166,1195377.28960146,865038.121502776,239.1201610209547,Sign Face,,R9-3a,2.262586421618859,2.17532152424256,,-46.41088062086986,-122.30694429112404,47.69129472051864,False,-1,,File 2
167,1193730.564379292,863416.4879273366,285.6087373314305,Sign Face,NE 80th St,D3-1,2.880451666017374,0.898070655912161,,-173.04727419172116,-122.31347660518836,47.68674720898071,False,-1,,File 2
172,1177609.122884338,906761.7878117769,-39.92866534908586,Sign Face,35,R2-1,2.343389468789101,2.925022084216277,,177.18022584277503,-122.38310322128982,47.804490518149386,False,-1,,File 2
175,1196757.064244608,868963.2396957285,83.66700274407893,Sign Face,Lake City Wy NE,D3-1,2.381292706231276,1.264998207713167,,-96.65826352661092,-122.30170805960742,47.70213760719907,False,-1,,File 2
180,1189217.496182677,896785.9703162526,255.1344984461867,Sign Face,NO TRUCKS ON 76 AVE W,R5-2a,3.930340797801813,2.051738736828169,,97.41774758007824,-122.33494344134682,47.77790448606407,False,-1,,File 2
205,1196764.362817199,869833.5672437429,97.043634973566,Sign Face,Push Button Wait For Walk Signal,R10-3e,0.4290356434384982,0.6808495108286541,,-178.43240791290037,-122.30175915179396,47.70452309972495,False,-1,,File 2
224,1196885.084027322,870400.7461121511,98.46063948571708,Sign Face,"Interstate
Business
Loop",M1-8,0.7096631070102255,1.187771725406249,,117.57778544225458,-122.30132164422942,47.706084945932325,False,-1,,File 2
286,1198682.166893533,875479.4000186045,125.5939711850884,Sign Face,DO NOT ENTER,R5-1,0.3676859793004891,0.5214881682892641,,-69.58716215674826,-122.29449481988148,47.720114647364944,False,-1,,File 2
287,1198682.245390034,875479.4240481455,124.1902454974257,Sign Face,G,M1-4,0.4875502548863491,0.4318018370618423,,112.30181083319228,-122.2944945033291,47.7201147181095,False,-1,,File 2
296,1178045.678769754,909522.9839226166,-34.70864825134449,Sign Face,SUNSET AVE,D3-1,6.159627101818721,1.305899564524492,,119.63334727422014,-122.38159556391096,47.812085215863554,False,-1,,File 2
306,1195100.831334044,864773.9631564219,256.3209320030613,Sign Face,Lake City Wy NE,D3-1,4.29758015871048,0.9849944112449884,,-50.12068968373319,-122.30804179042684,47.690553456710056,False,-1,,File 2
307,1196278.935651265,894530.9136342254,192.8004172668857,Sign Face,NO PARKING ANY TIME,R7-1,1.328148987442255,1.964240544835727,,-146.2789771549666,-122.30602604462244,47.77217170798436,False,-1,,File 2
310,1222861.201581692,888415.5938709354,-37.94530950774723,Sign Face,DANGER DO NOT ENTER,R5-1b,0.689604316626986,0.3977444163896144,,-83.46941057278313,-122.19743223705362,47.75703168069207,False,-1,,File 2
315,1180590.423183003,902529.8380115652,223.7909658839308,Sign Face,,D3-1,0.7764234022671979,0.5079123967140914,,-118.97433949029198,-122.37056898549476,47.7930886012779,False,-1,,File 2
317,1193732.727037983,863416.2476319264,285.5624554342035,Sign Face,NE 80th St,D3-1,3.114407446533442,0.9860479525228344,,-172.9263142531862,-122.3134678057964,47.68674668675717,False,-1,,File 2
329,1180407.513520731,902558.5517111094,216.6966944529616,Sign Face,RESERVED,R7-8,0.4293271639322241,0.8758244596173367,,167.7386126565147,-122.3713155518978,47.79315539178442,False,-1,,File 2
343,1195335.48460797,895473.653803598,237.384452205698,Sign Face,,R2-1,0.9306871205568314,1.576770453651746,,-49.76647046221403,-122.30994906636474,47.774695811491206,False,-1,,File 2
371,1200365.133469461,891013.29080077,76.05902478158501,Sign Face,,W20-1,1.457979690184196,1.417607010652622,,14.642960500053697,-122.28909141183806,47.7627875967228,False,-1,,File 2
388,1197513.440505187,872893.2983623138,102.0325932115319,Sign Face,35,R2-1,1.160102651491761,0.4243135785435637,,-63.035104016156886,-122.29900141944368,47.71295479414637,False,-1,,File 2
400,1193714.272350483,863318.8991553639,278.7180161374811,Sign Face,USE ‚ûú CROSSWALK,R9-3b,1.772406469037136,1.220760816112161,,143.0497423511597,-122.31353361729356,47.68647874976308,False,-1,,File 2
402,1193834.381608296,863430.1655420826,285.6128674087925,Sign Face,Lake City Wy NE,D3-1,4.213542470932008,1.465879734233022,,131.6269053309893,-122.31305654789182,47.68679123258261,False,-1,,File 2
426,1180146.978829162,902952.3958883554,212.5575058899326,Sign Face,Push Button Wait For Walk Signal,R10-3e,0.7371189793696007,1.246664145067334,,50.66558700080616,-122.37241303364382,47.79421765806459,False,-1,,File 2
427,1198280.336898823,874579.4096041757,118.6222879594567,Sign Face,,R9-3a,2.075830854773522,2.135821010669073,,108.80947924641386,-122.29604340734906,47.71762327208775,False,-1,,File 2
428,1181026.802851785,901792.0990629974,239.7940895233554,Sign Face,"5
Curbside Pick Up
Enter code in the app for check-in
Courier Parking",D1-1,1.191927811304728,2.44197453275323,,-131.4666309214478,-122.36872337336357,47.79109539504037,False,-1,,File 2
461,1194889.486714904,864477.2832292571,272.1031090190016,Sign Face,Lake City Wy NE,D3-1,3.143371569563945,0.8621115076790254,,-52.347152577764064,-122.308871957876,47.689727153213965,False,-1,,File 2
477,1194454.750666727,896394.7157225433,262.9961132202549,Sign Face,"244TH ST SW
15TH AVE NE",D3-1,8.874345724980037,2.480176183929046,,113.45888345700764,-122.3136154687392,47.777164328320254,False,-1,,File 2
495,1207964.837860737,889284.1253296549,-6.682987329363552,Sign Face,,R9-3,2.116837125718594,2.118215382595857,,177.1886032493422,-122.25804740115134,47.75851746720205,False,-1,,File 2
513,1194876.924070861,896095.5735684092,267.4549948018793,Sign Face,"Seattle
Vancouver BC
1/4 MILE",D1-2,13.53754880428314,8.185492624839148,,-42.538444510682176,-122.31187125936049,47.77637118894952,False,-1,,File 2
516,1180785.603930887,902155.2671281828,225.5171880366408,Sign Face,,R10-3e,0.6819106786698104,1.348273239160578,,-133.75803837594594,-122.36973917638734,47.7920748842382,False,-1,,File 2
529,1202530.505897033,887136.9353549082,-36.40721668104304,Sign Face,DO NOT ENTER,R5-1,3.011578688969215,0.9192670264343422,,-118.94279860999914,-122.27993520493948,47.752299397585695,False,-1,,File 2
530,1220896.778302835,889223.8791652821,-32.02746949364715,Sign Face,,W1-8R,36.32952778259914,3.972873945832253,,136.02668430252035,-122.2054864960605,47.75913055377792,False,-1,,File 2
583,1206875.916782042,889284.1094601455,1.532773756385119,Sign Face,,M1-4,2.104580651819706,1.869159006724755,,86.54337174063582,-122.26247272155598,47.75845081965525,False,-1,,File 2
589,1185837.47210797,898093.3215247487,339.4882748121026,Sign Face,242 S,D3-1,0.9336362539231778,0.2900925664107005,,-129.4108501085041,-122.3488089557028,47.781270627977314,False,-1,,File 2
593,1194602.881573302,896392.1493675628,254.915028638244,Sign Face,,M1-4,4.258409738441308,2.607288310180108,,57.86484733287031,-122.3130130297696,47.77716662920421,False,-1,,File 2
600,1183747.763899149,901648.0035173432,283.6475262922052,Sign Face,,,3.131599675764641,1.746623405118783,,-137.08700270093132,-122.35764524804468,47.79087669728207,False,-1,,File 2
602,1195257.510349344,895703.6117052094,243.3790467351678,Sign Face,,R2-1,0.2090149874053896,1.06934273481369,,12.712795869172895,-122.31028750039872,47.77532105569442,False,-1,,File 2
606,1193009.825530008,896656.3461611826,250.871833085418,Sign Face,DO NOT ENTER,R5-1,13.20022630016009,6.953014963070553,,-78.20109756242785,-122.3195140760426,47.777790061465616,False,-1,,File 2
609,1199783.543284321,882194.057566517,121.2334605369968,Sign Face,,R2-1,1.067473346814513,1.537174901366234,,127.99244491534004,-122.2906412862312,47.7385838192282,False,-1,,File 2
611,1220886.500267404,889227.2868045059,-32.25570388503346,Sign Face,,W11-2,14.44612514893214,2.250326232214769,,108.78822169597724,-122.205528566133,47.7591392829053,False,-1,,File 2
615,1206955.020429097,889193.4602694336,-13.0839736491439,Sign Face,,R2-1,0.0949453660675014,1.289566008100907,,-26.44144141331896,-122.26214301714477,47.75820725406808,False,-1,,File 2
618,1194113.137099832,863777.0495883066,290.3976496404413,Sign Face,No Parking,R7-1,0.9876100291311742,1.0159919911623,,47.45925662484264,-122.31195758666315,47.68775939129207,False,-1,,File 2
623,1219537.770790018,888989.0646431239,-28.50640371819311,Sign Face,PUSH BUTTON WAIT FOR WALK SIGNAL,R10-3e,0.5346452610939741,0.5934493886182707,,131.5970492020655,-122.21098887515048,47.75840640489743,False,-1,,File 2
628,1181021.638102436,901798.6094666432,240.4347270991408,Sign Face,6,OM3-1,1.090158559381962,0.2557289587768416,,-126.085575770397,-122.36874500218708,47.79111289952925,False,-1,,File 2
638,1203001.183730692,887967.5535857788,-11.59601472079727,Sign Face,"Kenmore
Seattle",D1-1,8.0631860156854,9.38195726354917,,144.11809104763134,-122.27809872413684,47.75460466496222,False,-1,,File 2
652,1219225.655887674,886446.8469861745,8.759736437996501,Sign Face,,R2-1,0.8146080403402448,5.469399655858676,,-59.46393373975628,-122.21203302646816,47.75142119060761,False,-1,,File 2
660,1212665.367715677,888534.9307448331,-35.0213866264122,Sign Face,KEEP RIGHT,R4-7,0.4851545851305128,0.7609554118911426,,-167.1299704132067,-122.23887741838816,47.75674999278016,False,-1,,File 2
668,1221840.077259159,889214.3830911651,-35.21603646849566,Sign Face,STOP,R1-1,1.494435640573502,1.457509580999613,,66.99771534650935,-122.20165203355518,47.759160370033655,False,-1,,File 2
672,1222472.061146425,889203.2512060434,-28.60243740340047,Sign Face,STOP,R1-1,1.543746261199316,0.2479677817349633,,147.18816826737967,-122.1990826310143,47.75916720472833,False,-1,,File 2
676,1209955.050153014,889247.5820547246,-16.89206454813453,Sign Face,,D3-1,2.633384258747101,0.8440084907909235,,-177.58230238212434,-122.24995595204727,47.7585386249483,False,-1,,File 2
678,1208600.497717101,889310.2719232956,-15.08235538462771,Sign Face,,W1-8R,3.968673469424248,0.6851089953258634,,156.6822730805686,-122.25546647082348,47.75862792074921,False,-1,,File 2
682,1199297.758879211,879170.9999329518,160.0830332432193,Sign Face,,OM3,0.6586026300986608,2.755292331079642,,-163.47426947336007,-122.29233562516237,47.73026933668528,False,-1,,File 2
685,1220384.373171203,889153.2984459955,-39.84483964065684,Sign Face,"CHRISTMAS LIGHTS INSTALLATION
425-215-0935",,2.018687166968982,1.231104098161062,,166.91519366979625,-122.2075627305632,47.758906750931565,False,-1,,File 2
688,1185235.682690653,898843.1409245697,324.8964611842238,Sign Face,,D3-1,1.226731339643399,0.54091116728882,,17.33643241900246,-122.35132714570872,47.78328662350329,False,-1,,File 2
691,1178009.653681864,909465.775993336,-48.00889810264084,Sign Face,Restrooms,D9-2,1.680268197705349,3.204100328783194,,-65.12858115600514,-122.38173655769452,47.811926101381545,False,-1,,File 2
704,1184361.17720644,900813.7723448576,296.7313610674941,Sign Face,,R10-15,0.1515829812859496,1.146803685054183,,-39.05365962720605,-122.3550711204231,47.78863028837712,False,-1,,File 2
717,1198976.052986063,876214.20255726,127.3933332532647,Sign Face,P,R7-108,0.6273610001554093,1.464156424254179,,-153.5919686109108,-122.2933692108542,47.722146597387656,False,-1,,File 2
721,1199256.179763407,879749.0705913177,161.0055673720442,Sign Face,Push Button Wait For Walk Signal,R10-3e,0.5466619871308407,0.5211264443024993,,83.14225430471495,-122.2925578790706,47.73185086641757,False,-1,,File 2
741,1200628.977829813,883393.7340036916,89.0007473494612,Sign Face,WRONG WAY,R5-1a,17.67488821903865,2.904323982497057,,91.39854096219416,-122.28731724521928,47.74192390240318,False,-1,,File 2
757,1203016.604288146,888068.7927454009,-16.80229324916971,Sign Face,Push Button Wait For Walk Signal,R10-3e,0.6290056978662809,0.6893386580049993,,-126.82439605868645,-122.27804533598322,47.7548830467155,False,-1,,File 2
771,1198987.364492004,876517.9840147796,122.3418856932722,Sign Face,,M6-1,0.1259814882402619,0.5416026423623165,,-45.404457332092285,-122.29335132759844,47.72297977515042,False,-1,,File 2
838,1197045.304996968,871879.1652251068,110.630262863835,Sign Face,Lake City wy NE,D3-1,4.214158071478209,0.9173545190195244,,108.28455320966955,-122.30080822127276,47.71014640669049,False,-1,,File 2
840,1197046.461618875,871884.2274484141,110.8701077200972,Sign Face,NE Northgate Wy,D3-1,2.581201161493858,1.509078446576993,,-61.531720622678215,-122.30080399447536,47.71016035147955,False,-1,,File 2
864,1194564.584892801,864144.4917078542,284.9667981555068,Sign Face,Lake City Way NE,D3-1,4.21509124994278,0.7751497173060974,,-47.60027352974063,-122.31015961684008,47.68879474119838,False,-1,,File 2
874,1199438.322082336,891131.8347342315,54.99372789641249,Sign Face,,R7-8,0.5399249939868848,1.634658415814241,,-1.2138567516830336,-122.29286915054598,47.763054766328914,False,-1,,File 2
909,1199242.233017801,880778.2494251393,161.5596235078576,Sign Face,Quick Curbside Pickup,D1-1,1.303618928765257,2.379706772168478,,87.63414849883577,-122.29270955743532,47.73467031074292,False,-1,,File 2
927,1194408.380060444,896412.192407724,246.0603179893894,Sign Face,Push Button Wait For Walk Signal,R10-3e,0.4464548607046406,0.6392953006426494,,-152.42155849804027,-122.3138056139909,47.77720929684034,False,-1,,File 2
1049,1194796.338602111,896066.2719460947,252.3563831355177,Sign Face,MILE 30,D10-1,0.864971175591151,2.302746535142263,,139.55980967928124,-122.3121961228076,47.776285820540245,False,-1,,File 2
1064,1207793.606555399,889333.0534800863,-0.1498072455324007,Sign Face,"RIGHT LANE
ONLY
EXCEPT RIGHT TURNS",R3-8aP,14.27075799663862,7.694004814426105,,-2.636660107708557,-122.25874771190004,47.758641084786944,False,-1,,File 2
1069,1203338.504019591,887582.5012168518,-21.26880999843253,Sign Face,,D3-1,1.668413585027059,1.283266466806332,,55.11648913418918,-122.2766927264524,47.753570325806805,False,-1,,File 2
1124,1199648.216919168,881641.0573287852,148.4945618114872,Sign Face,25,R2-1,0.9850679391374192,0.8823640421032907,,-89.60873696343086,-122.29114001282728,47.73705998501604,False,-1,,File 2
1125,1208626.625838032,889380.3520271443,-4.141808612147695,Sign Face,OSTROMS DRUG & GIFT,D1-1,19.60401763081551,4.774622867107392,,-90.63415876673083,-122.25536662619872,47.75882155813,False,-1,,File 2
1151,1199165.626841043,876809.7186624033,128.9369684404138,Sign Face,52,M1-4,0.1749464935498933,2.41831380451719,,7.185695166599077,-122.29265429988028,47.72379034150912,False,-1,,File 2
1152,1199165.578781961,876809.679414153,130.2029247595869,Sign Face,,R2-1,0.0892134720801065,0.6215415901318193,,-178.2812629104287,-122.2926544914376,47.72379023096083,False,-1,,File 2
1156,1215719.70420229,887232.6841649007,-6.099139881729808,Sign Face,,R2-1,2.774186066140731,1.196678964694341,,120.0204847253437,-122.22634918562184,47.75336524402108,False,-1,,File 2
1167,1199253.128011697,878407.136067392,163.2688747972253,Sign Face,Lake City Wy NE,D3-1,4.786013432741166,1.055110785464446,,81.98760576158402,-122.29244638670276,47.72817329589596,False,-1,,File 2
1175,1208596.766730366,889354.7546587005,-6.164570319453606,Sign Face,PUSH BUTTON FOR GREEN LIGHT,R10-3e,3.250119598458211,3.608718454241753,,163.75442852178924,-122.2554856574636,47.75874959119464,False,-1,,File 2
1179,1216849.8059069,886934.4594386179,-9.236413916150456,Sign Face,,OM3,1.133210900376241,1.314494505822659,,94.13471629813944,-122.2217304432304,47.752615696764025,False,-1,,File 2
1227,1194077.595806701,863784.8303536875,294.8810113169753,Sign Face,SPEED BUMPS AHEAD,W17-1,3.053363260477782,3.336587813297908,,-179.5664307583089,-122.3121025563812,47.68777847582252,False,-1,,File 2
1256,1196669.739290587,868975.0766476328,82.71315511961805,Sign Face,USE CROSSWALK,R9-3a,1.771910937974851,2.127196736435096,,96.34101118751724,-122.30206366217452,47.70216457736924,False,-1,,File 2
1324,1219285.600781676,888483.517027802,-15.09731752852572,Sign Face,HALL RD,D3-1,2.460792588839928,0.8638230844835442,,-177.6301710729975,-122.21196909445048,47.75700601575189,False,-1,,File 2
1394,1188778.165686258,896718.4569178151,276.7143529091282,Sign Face,"6TH AVE
INDIAN AVE",D1-1,8.911711974143984,1.353570180709164,,-166.15389860481906,-122.33672307925733,47.77769145735141,False,-1,,File 2
1411,1212404.108933939,888606.7027129713,-28.11191875318659,Sign Face,"CURB LANE
BUSES ONLY
RIGHT TURNS OK",R3-8aP,3.262514719367028,4.325306822955609,,-72.8510521370172,-122.23994556770988,47.75693088308105,False,-1,,File 2
1425,1196883.629439106,871213.6398531992,102.1938164132836,Sign Face,,OM3,1.079875605404377,3.113201080660025,,-167.77473963773127,-122.30140293499494,47.70831249528567,False,-1,,File 2
1437,1187415.511290099,897245.9141539398,327.2375141868992,Sign Face,,R9-3,1.525378367900849,1.42271103926003,,-61.4635241218703,-122.34231280162538,47.77904972340291,False,-1,,File 2
1492,1177558.029672261,906866.1993714283,-51.41837552368614,Sign Face,STOP ON FLASHING RED DOT THEN PROCEED IF CLEAR,R10-6,51.63478724400203,6.811557466785114,,-37.1713788677608,-122.38332117566738,47.8047732807115,False,-1,,File 2
1514,1184576.248006408,900500.9854163503,304.5406865590814,Sign Face,30 M.P.H.,W13-1,5.561470265885195,2.038647447576126,,87.34155177801127,-122.3541667086828,47.78778704233652,False,-1,,File 2
1516,1184576.110237039,900500.6105555104,306.3237535947565,Sign Face,HIDDEN DRIVEWAY,W11-103,3.486447435716789,1.868812682529291,,85.81937655457408,-122.3541672330276,47.7877860062581,False,-1,,File 2
1522,1219823.528089314,889145.1032210937,-17.46858893056684,Sign Face,City of Renton,M3-4,1.579908393348257,2.470349454879761,,-124.43769091925525,-122.20984130553263,47.75885099332439,False,-1,,File 2
1523,1219821.752706725,889149.0570317601,-17.44222057680262,Sign Face,"CITY PARK
98th Ave NE",D3-1,7.817480829954148,2.743845055103302,,65.73651302190518,-122.20984886912892,47.75886172278359,False,-1,,File 2
1593,1219622.802324594,888927.6242606242,-29.35727357377582,Sign Face,Push Button Wait For Walk Signal,R10-3e,0.4710293587793907,0.6227701512599986,,49.191333402316914,-122.21063789081222,47.75824308983308,False,-1,,File 2
1600,1181043.280709045,901771.8597815846,239.0235172106825,Sign Face,RESERVED PARKING,R7-8,0.8734808558225633,1.401713252713283,,-128.1604314182292,-122.3686544190927,47.79104100515507,False,-1,,File 2
1615,1198438.826139546,875048.5239156992,126.4084099255008,Sign Face,,R9-3,0.2918847599004706,2.043682348231475,,-151.76757711989936,-122.29544318548044,47.71891870937724,False,-1,,File 2
1651,1195312.332946186,864986.8696957285,242.9970270945632,Sign Face,NE 86 ST,D3-1,3.424699259201686,0.8901490032672883,,-50.060462657682415,-122.30720316827136,47.691150191122,False,-1,,File 2
1657,1185873.538847065,898071.6693063242,336.3993524068597,Sign Face,ADOPT A HIGHWAY,M1-102a,2.460137486606837,4.675927706857522,,-46.16092649929071,-122.34866025964094,47.78121361261825,False,-1,,File 2
1665,1222390.662327773,889218.7548656606,-35.82104802042219,Sign Face,HOV 2+ ONLY MON-FRI 5AM-9AM,R3-8a,0.4264973178381722,0.6763727181653183,,-165.08932582134884,-122.19941479939412,47.75920488452032,False,-1,,File 2
1676,1179217.266275451,903762.8193925872,182.4675143839918,Sign Face,"EXIT
35
M.P.H.",W13-2,10.01089764674505,4.935316511591276,,153.56815673689286,-122.3762721608476,47.796377827216055,False,-1,,File 2
1677,1177547.379779682,907241.9461003508,-58.62138532102082,Sign Face,EDMONDS MARSH ESTUARY,D1-1,0.8194234817475081,1.665475793729226,,59.88234622910279,-122.3834009915479,47.80580219481338,False,-1,,File 2
1684,1177650.924673888,907975.0377356862,-55.97666055818372,Sign Face,SPEED LIMIT 25,W3-5,2.197917662461599,3.194020749827226,,-172.05608499166257,-122.3830510294605,47.80781776661265,False,-1,,File 2
1710,1195750.160795307,895059.5178804413,219.4663243319594,Sign Face,PHONE,D9-1,1.67989782050252,1.546159579604864,,-39.82277633891775,-122.30822475119244,47.77358703009544,False,-1,,File 2
1728,1194452.232370828,864037.9254993581,292.2396641439203,Sign Face,NE 82nd St,D3-1,2.563470184008281,0.8436222738027573,,-136.11723855004576,-122.31060567804128,47.68849563894283,False,-1,,File 2
1734,1199347.208470682,878672.412588388,159.6242942867679,Sign Face,Push Button Wait For Walk Signal,R10-3e,0.4329894298563401,0.6465976372361184,,-89.08231413876717,-122.29208875348438,47.728906108192085,False,-1,,File 2
1752,1195783.199812235,866638.1381031178,152.2158616377913,Sign Face,No Parking,R8-3,0.8629816203316054,0.9415189915398756,,111.28636798270196,-122.3054454667615,47.69570488038381,False,-1,,File 2
1832,1196756.383407612,868964.4539885345,84.30540006577996,Sign Face,Fischer Pl NE,D3-1,2.680735439260801,1.112134794890881,,166.14786101510825,-122.30171093615536,47.70214089220994,False,-1,,File 2
1853,1194347.546874409,864062.7624329518,290.4411280912164,Sign Face,DO NOT ENTER,R5-1,0.7984538548191389,2.371213713934024,,-87.36174588090337,-122.31103286433394,47.68855711489833,False,-1,,File 2
1910,1193629.720405496,863233.5878768809,272.1317442220453,Sign Face,No Parking,R8-3,0.7642510650058588,1.041899328952034,,-72.137056228612,-122.3138687990986,47.686239633666695,False,-1,,File 2
1914,1194900.457001362,864475.9760222259,277.7331804174188,Sign Face,,R9-3,3.439900759855906,4.214689975380898,,37.68637872488512,-122.30882731166028,47.68972426048445,False,-1,,File 2
1920,1197097.985760721,871771.9149756765,100.2653331083062,Sign Face,CUSTOMER PARKING ONLY VIOLATORS WILL BE TOWED AWAY AT VEHICLE OWNER'S EXPENSE TOWING ENFORCED AT ALL TIMES,R7-250P,2.112321418027083,1.578395498295625,,-158.74610872458356,-122.30058438379554,47.70985579659403,False,-1,,File 2
1949,1194088.011811746,863769.968883554,295.4137912966811,Sign Face,15th Ave NE,D3-1,3.574071172674497,0.8515093135833741,,-24.06910126320303,-122.31205889719156,47.687738405289885,False,-1,,File 2
1950,1194086.919268615,863769.5091183359,295.1049115715427,Sign Face,Lake City Wy NE,D3-1,4.211974918842317,0.8973856340845427,,-23.84404148492361,-122.31206328839464,47.68773707655388,False,-1,,File 2
1986,1207046.286227843,889300.879376451,-8.996537771423387,Sign Face,STOP HERE FOR,R1-5a,2.557622565478087,2.629123943150044,,109.84903911826056,-122.26178187170656,47.75850720665739,False,-1,,File 2
1998,1198974.529513162,876215.6883838796,122.6860337760054,Sign Face,"Hair Salon
206 440-5977",D1-1,3.092840503255526,2.442131561736266,,-165.58356957475397,-122.29337553510628,47.72215057416177,False,-1,,File 2
2017,1198539.362535216,875413.9683794037,126.0603570423526,Sign Face,"NOTICE
THIS AREA IS UNDER
24 HOUR TV SURVEILLANCE
TRESPASSERS WILL
BE PROSECUTED",F702,1.622226530959209,1.105335518146555,,-66.542137788476,-122.29506869746564,47.71992643434541,False,-1,,File 2
2037,1184775.911064676,899684.3686984141,313.3949967155857,Sign Face,40,R2-1,1.760928491254648,2.327651957621177,,-8.488241094648554,-122.35327683179624,47.78556218910344,False,-1,,File 2
2044,1214711.48874005,887761.7464241806,-11.69659931321912,Sign Face,"HOV 2+ LANE
2+ PERSONS
ONLY",R3-8a,3.10362563709418,3.990357157786688,,123.1110445910591,-122.23049333822304,47.75475451900448,False,-1,,File 2
2128,1199404.509314188,877850.1377145273,151.0913667259616,Sign Face,WARNING clearance gauge,W12-2P,1.964409893651804,1.680095720042785,,91.31863992775624,-122.29178013668164,47.7266563459278,False,-1,,File 2
2145,1194014.811421935,863767.1590292247,290.124889319142,Sign Face,"NO TURN AROUND
NO EXIT",R5-1a,1.370666589016716,2.066962921619416,,-91.35946247457493,-122.3123557183108,47.68772609556486,False,-1,,File 2
2164,1196868.53408144,871309.8365137624,102.9378811385237,Sign Face,Push Button Wait For Walk Signal,R10-3e,0.1462781931770345,0.5904953664292892,,-151.3433245964986,-122.30147314495612,47.70857516589725,False,-1,,File 2
2187,1196893.204410216,870400.8822795501,98.40578454911736,Sign Face,Stop Ahead,M3-4,0.9017686591297388,1.148951540390651,,-2.4118136904587346,-122.30128868888544,47.70608582736169,False,-1,,File 2
2204,1219228.548243428,888517.010191321,-5.125026718576478,Sign Face,,R2-1,1.044381873086095,1.843357169727485,,-39.349164829205655,-122.21220390493748,47.75709440561307,False,-1,,File 2
2210,1199238.566109842,877968.6273812754,145.9116990369561,Sign Face,STAFF PARKING ONLY ‚Üí,R7-107,1.090300335238377,1.771697785307964,,4.680451932731733,-122.29246505029356,47.726970716752135,False,-1,,File 2
2280,1199210.429119282,880870.453977955,164.7186070436242,Sign Face,Reserved Parking,R7-8,0.7647407783692083,1.032568522070845,,-171.5761862070383,-122.29284726260798,47.73492100228364,False,-1,,File 2
2286,1192199.078427957,861538.0826864511,194.2804367472731,Sign Face,,R7-1,2.453320512324572,1.092996716474493,,47.83480694183493,-122.31951611495792,47.681502950540725,False,-1,,File 2
2289,1189216.089653543,896786.1905870453,255.0826096560561,Sign Face,NO TRUCKS ON 76 AVE. W,R5-2,14.25514192382495,2.908823654850324,,-140.24425530724417,-122.33494918021236,47.77790499998265,False,-1,,File 2
2292,1199340.914332905,879979.0925717051,168.4094193897648,Sign Face,"CURB LANE
BUSES ONLY
3-7 PM
MON-FRI
BICYCLES OK",R3-11a,2.592955651084582,5.436378592252732,,-173.80575616439342,-122.29223493069328,47.73248648568081,False,-1,,File 2
2313,1198574.311099669,875234.7072024423,123.5974792728824,Sign Face,NO TRESPASSING,R5-1a,1.034610485509038,1.355636392707626,,22.72217044589017,-122.29491020397435,47.7194373721569,False,-1,,File 2
2319,1199244.624758117,877099.2754326263,138.818791783055,Sign Face,Lake City Wy NE,D3-1,5.714858444929123,3.359558239777883,,-88.66363211678153,-122.29236019516402,47.72458875354115,False,-1,,File 2
2457,1184664.365935281,900370.4785761402,320.1153584760431,Sign Face,ONLY,R3-6L/R,2.631627411444982,2.93497220714887,,163.60960473802336,-122.353795940184,47.78743510097823,False,-1,,File 2
2473,1199259.212291483,878421.9278518565,155.6744134515527,Sign Face,Push Button Wait For Walk Signal,R10-3e,0.3492441181155543,0.5931692590812843,,1.0493642595443438,-122.29242304027274,47.72821420966741,False,-1,,File 2
2481,1193603.291114318,863328.4356792084,273.0904728470249,Sign Face,HOV 2+ ONLY 6-9AM MON-FRI,R3-5b,0.4043646155608198,1.215244757533074,,-136.46047769354698,-122.31398491311305,47.686497888950825,False,-1,,File 2
2490,1201203.975910867,885404.6447418609,14.4564929415785,Sign Face,STOP,R1-1,0.3181232176472744,0.253489902454118,,148.16926696390647,-122.28516615475924,47.74747017315315,False,-1,,File 2
2505,1201453.372109191,885916.7519071848,-1.985523381034263,Sign Face,Unknown,error,2.02398058856527,1.348481405228376,,-71.19623484826482,-122.28419991198388,47.74888898562344,False,-1,,File 2
2509,1221314.995243041,889279.7129051859,-40.53870749950382,Sign Face,MILE 10,D10-1,1.003903301656246,3.118090685506662,,102.1121942882642,-122.20379173776372,47.759308331739554,False,-1,,File 2
2520,1205605.295527973,889090.5655745585,1.330299842556592,Sign Face,,R2-1,0.8255502520501614,0.4448032208656272,,-17.783555464601527,-122.26761882054242,47.75784251490275,False,-1,,File 2
2525,1199398.625280578,880534.5834713633,166.6047758287194,Sign Face,,R2-1,0.3742758922154705,0.1923856938785563,,5.712074071701911,-122.29205178552816,47.73401232081074,False,-1,,File 2
2529,1184287.43855491,900803.9674911388,298.2739825083816,Sign Face,5,R2-1,1.96482290138801,1.713584350645542,,178.896107779005,-122.35537001438529,47.78859866747914,False,-1,,File 2
2533,1210054.007006855,889108.46222603,-37.1687485828993,Sign Face,Push Button Wait For Walk Signal,R10-3e,1.098577111959458,1.52204966634512,,177.2386035092154,-122.24954125208409,47.75816340454434,False,-1,,File 2
2539,1196661.330553201,869143.4404277435,90.26401286065608,Sign Face,,R7-8,0.8588343343138696,0.3687639646915098,,109.94569103091892,-122.30211341686376,47.70262543315018,False,-1,,File 2
2541,1199264.543645649,879931.273785084,162.4872513987623,Sign Face,No Trespassing Live Machinery Enclosure,W10-9,2.40371050020059,2.055420998036862,,81.68807357462944,-122.29254072798412,47.732350688732005,False,-1,,File 2
2553,1220638.038417734,889309.7205454523,-26.49570645183298,Sign Face,,M1-4,0.5116382662206889,3.685647011697293,,54.50598866183771,-122.2065455798461,47.75935045366849,False,-1,,File 2
2555,1220981.655647857,889397.0125089152,-21.43133010705285,Sign Face,"CUSTOMER & EMPLOYEE PARKING ONLY
OTHERS WILL BE TOWED",R7-201,4.090349616010984,1.859222181389729,,89.76092830106668,-122.20515676251952,47.75961003481033,False,-1,,File 2
2557,1221772.004372909,889341.4341830078,-31.80281499152355,Sign Face,,R2-1,1.533710094988346,1.979016131261985,,105.59206283721532,-122.20193982942216,47.7595045134831,False,-1,,File 2
2564,1203937.578098774,887958.9120622141,-19.22379515270365,Sign Face,47 AVE NE,D3-1,1.27887923737367,1.044777183284362,,138.67424657692288,-122.27429276603247,47.75463877757239,False,-1,,File 2
2588,1181680.598603738,901469.5265044036,248.1139426384372,Sign Face,SPEED LIMIT 20 SCHOOL,R2-1a,1.593245003720125,0.2478224370380243,,91.83470350371256,-122.36603379431216,47.79025390097203,False,-1,,File 2
2591,1181679.746356017,901458.9294768156,247.6347535413506,Sign Face,,R2-1,2.019725161790848,1.507580315768719,,-97.7474306318762,-122.36603624016692,47.7902248076337,False,-1,,File 2
2596,1177585.644420796,908942.3292876068,-61.95338937421613,Sign Face,MARY'S,D1-1,20.94504123489062,2.473636308113734,,17.394146305936008,-122.3834105280864,47.81046403561689,False,-1,,File 2
2602,1197068.934045633,893708.4945831186,148.6831811930739,Sign Face,Push Button Wait For Walk Signal,R10-3e,1.002986451859276,0.7706613381331167,,-6.602230425146039,-122.30273832252,47.76996757380133,False,-1,,File 2
2614,1202581.831394673,887174.9625040578,-25.21340934077872,Sign Face,STOP,R1-1,0.7978365431850156,1.190261700550715,,-140.85585884294773,-122.2797301331702,47.7524067789618,False,-1,,File 2
2639,1199263.007356994,880100.3968986907,163.3464827054742,Sign Face,WARNING Security Cameras in Use,F810,1.477128426233927,0.8616162699460984,,-88.80563268888578,-122.29256258297004,47.73281405021116,False,-1,,File 2
2665,1200193.905368062,882540.0733453257,107.6759058882795,Sign Face,ü°Ü,M6-1,1.767969178060691,1.522578441401323,,-76.52711436828709,-122.2890061193905,47.73955754400343,False,-1,,File 2
2680,1211687.250054544,888704.0279547197,-30.43489093422863,Sign Face,BUS STOP,I-2,1.381108234177033,2.570518301824729,,108.07058188893436,-122.24286751697842,47.75715421180061,False,-1,,File 2
2708,1192049.50895286,859993.1722315358,124.2869143384698,Sign Face,NE 67th St,D1-1,3.485777471462886,0.9228941417237124,,4.5672101351269765,-122.31997838849192,47.67725980781413,False,-1,,File 2
2747,1219361.966262532,886280.7099435312,8.234719126423471,Sign Face,LANE ENDS MERGE LEFT,W9-2,1.405452419817448,1.49675372471412,,-15.228346887007392,-122.21146448338808,47.750974018203614,False,-1,,File 2
2762,1183854.490304585,901457.9434646494,287.597732527455,Sign Face,WRONG WAY,R5-1a,1.759283695767323,1.443083643168211,,-1.1327173553778636,-122.3571930647358,47.79036277968637,False,-1,,File 2
2775,1199968.514681212,891049.3593420807,63.13626302341648,Sign Face,DEAD END,W14-1,2.730410766055187,3.284559789498648,,-166.10267895332805,-122.29070669612904,47.76286176816471,False,-1,,File 2
2780,1219915.244842447,889038.1952924997,-31.73971143782112,Sign Face,NO PARKING ANY TIME,R7-1,1.361145411382119,2.211376982281606,,25.18004024181869,-122.2094591475938,47.75856347360967,False,-1,,File 2
2781,1219552.06376126,888855.30775743,-27.91604983429087,Sign Face,Push Button Wait For Walk Signal,R10-3e,0.4687552251542608,0.5264673852548004,,-139.97967217659408,-122.2109189956674,47.75804071002398,False,-1,,File 2
2812,1207190.960084451,889200.0215356079,0.5636072995268009,Sign Face,"Diesel
3.29 9/10",GAS,4.018943081498146,2.746062625050545,,-92.4827323753576,-122.26118477067496,47.75823967697448,False,-1,,File 2
2832,1189163.727681701,896838.4083816416,258.0139633522434,Sign Face,"CITY OF EDMONDS
INCORPORATED AUG. 11, 1890",I1-1,10.5391783452034,1.394210083285968,,-108.91208010158977,-122.33516698974928,47.77804475120805,False,-1,,File 2
2833,1189165.489848042,896835.1483739105,258.3705016670627,Sign Face,"CITY OF EDMONDS
INCORPORATED AUG. 14, 1890",I-2,4.312336580952009,1.444021123796702,,-125.42565962582492,-122.33515951750783,47.77803593032909,False,-1,,File 2
2840,1199291.937322407,881291.4747651052,164.8071533991896,Sign Face,Push Button Wait For Walk Signal,R10-3e,19.82913657108943,3.881353621681532,,-136.28680379785268,-122.29255504050155,47.73607982377285,False,-1,,File 2
2868,1193061.633220438,862444.0492477304,251.62836313506,Sign Face,11th Ave NE,D3-1,4.651316200395426,1.443748914152384,,104.78484722733398,-122.3161005197689,47.68404015055659,False,-1,,File 2
2872,1180853.373644429,901975.8769926848,237.9831882693373,Sign Face,,D1-1,1.179901894281308,1.716459760566553,,51.00503751224318,-122.3694463060321,47.79158772105352,False,-1,,File 2
2895,1222634.075620938,889052.8084573761,-23.51799850384367,Sign Face,"b2 structural engineers
MM PLUMBING & STEEL",D1-1,7.178090881705285,5.070519443750382,,122.95109851366828,-122.19841102516264,47.75876449669439,False,-1,,File 2
2912,1222465.376828976,889040.9029712183,-39.48279142717494,Sign Face,,R2-1,0.2872742579380672,1.335604246407747,,-152.43408222585134,-122.19909558163536,47.75872191304386,False,-1,,File 2
2921,1219207.779511128,886757.534734028,-4.251083575685549,Sign Face,,M6-1,1.741626246174177,1.027108978281419,,-83.39950648423594,-122.21213307450373,47.7522715320718,False,-1,,File 2
2924,1189298.132914448,896676.987536915,243.8925029589736,Sign Face,PUSH BUTTON WAIT FOR WALK SIGNAL,R10-3e,10.85962698022525,2.394421346088251,,-78.03463856351472,-122.33460531808616,47.77761098642997,False,-1,,File 2
2939,1202545.955289936,887038.1826520426,-42.14319875081354,Sign Face,,R2-1,1.027236185446382,0.5308814543237289,,146.9931819168331,-122.27986337061488,47.75202973757576,False,-1,,File 2
2961,1199766.26924827,882161.8756032196,122.6507904491825,Sign Face,SPECIAL EVENT PARKING ONLY,R7-107,0.983307278553645,1.504879339039326,,-53.97084876748405,-122.2907084916462,47.73849455465788,False,-1,,File 2
2970,1194310.557400939,864074.2950106699,297.1802629305922,Sign Face,16th Ave NE,D3-1,3.046619227429231,0.7808339513838292,,-92.00051452714229,-122.31118406312008,47.68858639089836,False,-1,,File 2
3030,1209590.947338683,889192.0266069428,-36.36989345351828,Sign Face,Burke-Gilman Trail,D1-1,1.012109679331382,1.783392631262541,,94.60099462812543,-122.2514306391417,47.75836423424275,False,-1,,File 2
3037,1195466.13802838,865036.4442408131,235.42571921289,Sign Face,USE CROSSWALK,R9-3a,2.018799023230871,2.772678939898809,,144.1643651581528,-122.30658351986868,47.691295702320645,False,-1,,File 2
